-- =============================================================================
-- Projektus — Demo Seed (clean slate)
-- Два проекта для демонстрации на защите ВКР:
--   1. «Мобильное приложение ЦифроБанк» (Scrum, 12 участников)
--   2. «Корпоративный портал ЦифроТех» (Kanban, 12 участников)
--
-- Период активной работы: 17.02.2026 – 08.05.2026 (12 недель).
-- Пароль для всех пользователей: Password123!
-- Пароль администратора: Admin123!, логин: admin
-- =============================================================================

SET client_encoding = 'UTF8';

-- ╔═══════════════════════════════════════════════════════════════════════════╗
-- ║                     ЧАСТЬ 1: ОЧИСТКА СТАРЫХ ДАННЫХ                       ║
-- ╚═══════════════════════════════════════════════════════════════════════════╝

DELETE FROM checklist_items;
DELETE FROM checklists;
DELETE FROM attachments;
DELETE FROM comments;
DELETE FROM task_tags;
DELETE FROM tags;
DELETE FROM task_field_values;
DELETE FROM board_fields;
DELETE FROM task_watchers;
DELETE FROM task_status_history;
DELETE FROM task_dependencies;
DELETE FROM sprint_tasks;
DELETE FROM backlog;
DELETE FROM tasks;
DELETE FROM sprints;
DELETE FROM meeting_participants;
DELETE FROM meetings;
DELETE FROM notes;
DELETE FROM swimlanes;
DELETE FROM columns;
DELETE FROM boards;
DELETE FROM project_params;
DELETE FROM member_roles;
DELETE FROM members;
DELETE FROM role_permissions;
DELETE FROM roles;
DELETE FROM projects;
DELETE FROM templates;
DELETE FROM notification_settings;
DELETE FROM notifications;
DELETE FROM user_roles;
DELETE FROM tokens;
DELETE FROM password_history;
DELETE FROM login_attempts;
DELETE FROM blocked_ips;
DELETE FROM users;
DELETE FROM password_policy;

-- ╔═══════════════════════════════════════════════════════════════════════════╗
-- ║                  ЧАСТЬ 2: БАЗОВЫЕ СУЩНОСТИ                              ║
-- ╚═══════════════════════════════════════════════════════════════════════════╝

-- ======================== 2.1 Парольная политика ========================

INSERT INTO password_policy (id, min_length, require_digits, require_lowercase, require_uppercase, require_special, notes)
VALUES ('00000000-0000-0000-0000-000000000001', 8, true, true, true, true, 'Стандартная политика');

-- ======================== 2.2 Системная роль ========================

INSERT INTO roles (id, scope, name, description, is_admin)
VALUES ('a0000000-0000-0000-0000-000000000001', 'system', 'Администратор системы',
        'Полный доступ ко всем функциям системы', true);

INSERT INTO role_permissions (role_id, permission_code, access) VALUES
    ('a0000000-0000-0000-0000-000000000001', 'system.roles.manage', 'full'),
    ('a0000000-0000-0000-0000-000000000001', 'system.users.manage', 'full'),
    ('a0000000-0000-0000-0000-000000000001', 'system.projects.manage', 'full'),
    ('a0000000-0000-0000-0000-000000000001', 'system.password_policy.manage', 'full'),
    ('a0000000-0000-0000-0000-000000000001', 'system.project_templates.manage', 'full');

-- ======================== 2.3 Шаблоны проектов ========================

-- Scrum-шаблон
INSERT INTO templates (id, name, description, project_type) VALUES
    ('a1000000-0000-0000-0000-000000000001', 'Scrum стандартный', 'Стандартный шаблон для Scrum-проектов', 'scrum');

INSERT INTO boards (id, template_id, name, description, sort_order, is_default, priority_type, estimation_unit, swimlane_group_by, priority_options) VALUES
    ('a1100000-0000-0000-0000-000000000001', 'a1000000-0000-0000-0000-000000000001',
     'Основная доска', 'Доска для основного хода разработки', 1, true, 'priority', 'story_points', '',
     '["Низкий","Средний","Высокий","Критичный"]'::jsonb);

INSERT INTO columns (id, board_id, name, system_type, sort_order, is_locked) VALUES
    ('a1110000-0000-0000-0000-000000000001', 'a1100000-0000-0000-0000-000000000001', 'Бэклог спринта', 'initial', 1, true),
    ('a1110000-0000-0000-0000-000000000002', 'a1100000-0000-0000-0000-000000000001', 'В работе',       'in_progress', 2, false),
    ('a1110000-0000-0000-0000-000000000003', 'a1100000-0000-0000-0000-000000000001', 'На проверке',    'in_progress', 3, false),
    ('a1110000-0000-0000-0000-000000000004', 'a1100000-0000-0000-0000-000000000001', 'Выполнено',      'completed',   4, false);

INSERT INTO roles (id, scope, template_id, name, description, is_admin) VALUES
    ('a1200000-0000-0000-0000-000000000001', 'template', 'a1000000-0000-0000-0000-000000000001',
     'Администратор проекта', 'Полный доступ ко всем сущностям проекта', true);

INSERT INTO role_permissions (role_id, permission_code, access) VALUES
    ('a1200000-0000-0000-0000-000000000001', 'project.boards',    'full'),
    ('a1200000-0000-0000-0000-000000000001', 'project.tasks',     'full'),
    ('a1200000-0000-0000-0000-000000000001', 'project.sprints',   'full'),
    ('a1200000-0000-0000-0000-000000000001', 'project.settings',  'full'),
    ('a1200000-0000-0000-0000-000000000001', 'project.members',   'full'),
    ('a1200000-0000-0000-0000-000000000001', 'project.roles',     'full'),
    ('a1200000-0000-0000-0000-000000000001', 'project.analytics', 'full');

-- Kanban-шаблон
INSERT INTO templates (id, name, description, project_type) VALUES
    ('a2000000-0000-0000-0000-000000000001', 'Kanban стандартный', 'Стандартный шаблон для Kanban-проектов', 'kanban');

INSERT INTO boards (id, template_id, name, description, sort_order, is_default, priority_type, estimation_unit, swimlane_group_by, priority_options) VALUES
    ('a2100000-0000-0000-0000-000000000001', 'a2000000-0000-0000-0000-000000000001',
     'Основная доска', 'Kanban-доска с поддержкой WIP лимитов', 1, true, 'priority', 'time', '',
     '["Низкий","Средний","Высокий","Критичный"]'::jsonb);

INSERT INTO columns (id, board_id, name, system_type, wip_limit, sort_order, is_locked) VALUES
    ('a2110000-0000-0000-0000-000000000001', 'a2100000-0000-0000-0000-000000000001', 'Надо сделать',    'initial',     NULL, 1, false),
    ('a2110000-0000-0000-0000-000000000002', 'a2100000-0000-0000-0000-000000000001', 'Готово к работе', 'initial',     10,   2, false),
    ('a2110000-0000-0000-0000-000000000003', 'a2100000-0000-0000-0000-000000000001', 'В работе',        'in_progress', 8,    3, false),
    ('a2110000-0000-0000-0000-000000000004', 'a2100000-0000-0000-0000-000000000001', 'На проверке',     'in_progress', 5,    4, false),
    ('a2110000-0000-0000-0000-000000000005', 'a2100000-0000-0000-0000-000000000001', 'Выполнено',       'completed',   NULL, 5, false);

INSERT INTO swimlanes (id, board_id, name, sort_order) VALUES
    ('a2120000-0000-0000-0000-000000000001', 'a2100000-0000-0000-0000-000000000001', 'Ускоренный',            1),
    ('a2120000-0000-0000-0000-000000000002', 'a2100000-0000-0000-0000-000000000001', 'С фиксированной датой', 2),
    ('a2120000-0000-0000-0000-000000000003', 'a2100000-0000-0000-0000-000000000001', 'Стандартный',           3),
    ('a2120000-0000-0000-0000-000000000004', 'a2100000-0000-0000-0000-000000000001', 'Нематериальный',        4);

INSERT INTO roles (id, scope, template_id, name, description, is_admin) VALUES
    ('a2200000-0000-0000-0000-000000000001', 'template', 'a2000000-0000-0000-0000-000000000001',
     'Администратор проекта', 'Полный доступ ко всем сущностям проекта', true);

INSERT INTO role_permissions (role_id, permission_code, access) VALUES
    ('a2200000-0000-0000-0000-000000000001', 'project.boards',    'full'),
    ('a2200000-0000-0000-0000-000000000001', 'project.tasks',     'full'),
    ('a2200000-0000-0000-0000-000000000001', 'project.settings',  'full'),
    ('a2200000-0000-0000-0000-000000000001', 'project.members',   'full'),
    ('a2200000-0000-0000-0000-000000000001', 'project.roles',     'full'),
    ('a2200000-0000-0000-0000-000000000001', 'project.analytics', 'full');

-- ╔═══════════════════════════════════════════════════════════════════════════╗
-- ║                       ЧАСТЬ 3: ПОЛЬЗОВАТЕЛИ                              ║
-- ╚═══════════════════════════════════════════════════════════════════════════╝

-- Пароль Password123! (bcrypt)
-- $2a$10$cQyMagkq4PAPy..8JyNz4.J.J9aN7HLM9b.T8I4CGoj5JIhE9W5I6

INSERT INTO users (id, username, email, password_hash, full_name, position, is_active) VALUES
    ('b0000000-0000-0000-0000-000000000001', 'ivanov.a',    'ivanov.a@cifrotech.ru',    '$2a$10$cQyMagkq4PAPy..8JyNz4.J.J9aN7HLM9b.T8I4CGoj5JIhE9W5I6', 'Иванов Алексей Сергеевич',      'Руководитель проектов',           true),
    ('b0000000-0000-0000-0000-000000000002', 'petrova.m',   'petrova.m@cifrotech.ru',   '$2a$10$cQyMagkq4PAPy..8JyNz4.J.J9aN7HLM9b.T8I4CGoj5JIhE9W5I6', 'Петрова Мария Александровна',   'Backend-разработчик',             true),
    ('b0000000-0000-0000-0000-000000000003', 'smirnov.d',   'smirnov.d@cifrotech.ru',   '$2a$10$cQyMagkq4PAPy..8JyNz4.J.J9aN7HLM9b.T8I4CGoj5JIhE9W5I6', 'Смирнов Дмитрий Владимирович',  'Backend-разработчик',             true),
    ('b0000000-0000-0000-0000-000000000004', 'kozlova.e',   'kozlova.e@cifrotech.ru',   '$2a$10$cQyMagkq4PAPy..8JyNz4.J.J9aN7HLM9b.T8I4CGoj5JIhE9W5I6', 'Козлова Екатерина Дмитриевна', 'Frontend-разработчик',            true),
    ('b0000000-0000-0000-0000-000000000005', 'volkov.n',    'volkov.n@cifrotech.ru',    '$2a$10$cQyMagkq4PAPy..8JyNz4.J.J9aN7HLM9b.T8I4CGoj5JIhE9W5I6', 'Волков Никита Павлович',        'Frontend-разработчик',            true),
    ('b0000000-0000-0000-0000-000000000006', 'morozov.i',   'morozov.i@cifrotech.ru',   '$2a$10$cQyMagkq4PAPy..8JyNz4.J.J9aN7HLM9b.T8I4CGoj5JIhE9W5I6', 'Морозов Иван Константинович',  'Mobile-разработчик (iOS)',        true),
    ('b0000000-0000-0000-0000-000000000007', 'novikova.a',  'novikova.a@cifrotech.ru',  '$2a$10$cQyMagkq4PAPy..8JyNz4.J.J9aN7HLM9b.T8I4CGoj5JIhE9W5I6', 'Новикова Анна Михайловна',     'Mobile-разработчик (Android)',    true),
    ('b0000000-0000-0000-0000-000000000008', 'lebedev.r',   'lebedev.r@cifrotech.ru',   '$2a$10$cQyMagkq4PAPy..8JyNz4.J.J9aN7HLM9b.T8I4CGoj5JIhE9W5I6', 'Лебедев Роман Юрьевич',        'Инженер по тестированию',         true),
    ('b0000000-0000-0000-0000-000000000009', 'sokolova.t',  'sokolova.t@cifrotech.ru',  '$2a$10$cQyMagkq4PAPy..8JyNz4.J.J9aN7HLM9b.T8I4CGoj5JIhE9W5I6', 'Соколова Татьяна Андреевна',   'Инженер по тестированию',         true),
    ('b0000000-0000-0000-0000-000000000010', 'kuznetsov.p', 'kuznetsov.p@cifrotech.ru', '$2a$10$cQyMagkq4PAPy..8JyNz4.J.J9aN7HLM9b.T8I4CGoj5JIhE9W5I6', 'Кузнецов Павел Егорович',      'UX/UI-дизайнер',                  true),
    ('b0000000-0000-0000-0000-000000000011', 'popova.o',    'popova.o@cifrotech.ru',    '$2a$10$cQyMagkq4PAPy..8JyNz4.J.J9aN7HLM9b.T8I4CGoj5JIhE9W5I6', 'Попова Ольга Николаевна',      'Бизнес-аналитик',                 true),
    ('b0000000-0000-0000-0000-000000000012', 'fedorov.k',   'fedorov.k@cifrotech.ru',   '$2a$10$cQyMagkq4PAPy..8JyNz4.J.J9aN7HLM9b.T8I4CGoj5JIhE9W5I6', 'Фёдоров Кирилл Олегович',     'DevOps-инженер',                  true),
    ('b0000000-0000-0000-0000-000000000013', 'vasilieva.s', 'vasilieva.s@cifrotech.ru', '$2a$10$cQyMagkq4PAPy..8JyNz4.J.J9aN7HLM9b.T8I4CGoj5JIhE9W5I6', 'Васильева Светлана Игоревна', 'Руководитель проектов',           true),
    ('b0000000-0000-0000-0000-000000000014', 'orlov.v',     'orlov.v@cifrotech.ru',     '$2a$10$cQyMagkq4PAPy..8JyNz4.J.J9aN7HLM9b.T8I4CGoj5JIhE9W5I6', 'Орлов Владимир Артёмович',     'Старший Backend-разработчик',     true),
    ('b0000000-0000-0000-0000-000000000015', 'mikhailova.d','mikhailova.d@cifrotech.ru','$2a$10$cQyMagkq4PAPy..8JyNz4.J.J9aN7HLM9b.T8I4CGoj5JIhE9W5I6', 'Михайлова Дарья Романовна',    'Backend-разработчик',             true),
    ('b0000000-0000-0000-0000-000000000016', 'belyaev.g',   'belyaev.g@cifrotech.ru',   '$2a$10$cQyMagkq4PAPy..8JyNz4.J.J9aN7HLM9b.T8I4CGoj5JIhE9W5I6', 'Беляев Глеб Тимофеевич',      'Backend-разработчик',             true),
    ('b0000000-0000-0000-0000-000000000017', 'tarasova.v',  'tarasova.v@cifrotech.ru',  '$2a$10$cQyMagkq4PAPy..8JyNz4.J.J9aN7HLM9b.T8I4CGoj5JIhE9W5I6', 'Тарасова Виктория Сергеевна', 'Frontend-разработчик',            true),
    ('b0000000-0000-0000-0000-000000000018', 'makarov.t',   'makarov.t@cifrotech.ru',   '$2a$10$cQyMagkq4PAPy..8JyNz4.J.J9aN7HLM9b.T8I4CGoj5JIhE9W5I6', 'Макаров Тимофей Александрович','Frontend-разработчик',            true),
    ('b0000000-0000-0000-0000-000000000019', 'andreev.s',   'andreev.s@cifrotech.ru',   '$2a$10$cQyMagkq4PAPy..8JyNz4.J.J9aN7HLM9b.T8I4CGoj5JIhE9W5I6', 'Андреев Сергей Максимович',    'Frontend-разработчик',            true),
    ('b0000000-0000-0000-0000-000000000020', 'golubeva.n',  'golubeva.n@cifrotech.ru',  '$2a$10$cQyMagkq4PAPy..8JyNz4.J.J9aN7HLM9b.T8I4CGoj5JIhE9W5I6', 'Голубева Наталья Кирилловна', 'Инженер по тестированию',         true),
    ('b0000000-0000-0000-0000-000000000021', 'titov.e',     'titov.e@cifrotech.ru',     '$2a$10$cQyMagkq4PAPy..8JyNz4.J.J9aN7HLM9b.T8I4CGoj5JIhE9W5I6', 'Титов Егор Дмитриевич',        'Инженер по тестированию',         true),
    ('b0000000-0000-0000-0000-000000000022', 'baranova.p',  'baranova.p@cifrotech.ru',  '$2a$10$cQyMagkq4PAPy..8JyNz4.J.J9aN7HLM9b.T8I4CGoj5JIhE9W5I6', 'Баранова Полина Владимировна', 'UX/UI-дизайнер',                  true),
    ('b0000000-0000-0000-0000-000000000023', 'kulikov.m',   'kulikov.m@cifrotech.ru',   '$2a$10$cQyMagkq4PAPy..8JyNz4.J.J9aN7HLM9b.T8I4CGoj5JIhE9W5I6', 'Куликов Максим Николаевич',    'Бизнес-аналитик',                 true),
    ('b0000000-0000-0000-0000-000000000024', 'stepanova.i', 'stepanova.i@cifrotech.ru', '$2a$10$cQyMagkq4PAPy..8JyNz4.J.J9aN7HLM9b.T8I4CGoj5JIhE9W5I6', 'Степанова Ирина Глебовна',    'DevOps-инженер',                  true);

-- Администратор (пароль Admin123!)
INSERT INTO users (id, username, email, password_hash, full_name, position, is_active)
VALUES (
    'b0000000-0000-0000-ffff-000000000001',
    'admin',
    'admin@cifrotech.ru',
    '$2a$10$1DrTaiQ7Ns1p5Jb6B4rFMuv0D.Jz4481twg6JWJGMTcFAcvIQKuFO',
    'Кузнецов Дмитрий Иванович',
    'Системный администратор',
    true
);

-- Системная роль «Пользователь» (все права на просмотр)
INSERT INTO roles (id, scope, name, description, is_admin)
VALUES ('a0000000-0000-0000-0000-000000000002', 'system', 'Пользователь',
        'Базовая системная роль с правами на просмотр', false);

INSERT INTO role_permissions (role_id, permission_code, access) VALUES
    ('a0000000-0000-0000-0000-000000000002', 'system.roles.manage', 'view'),
    ('a0000000-0000-0000-0000-000000000002', 'system.users.manage', 'view'),
    ('a0000000-0000-0000-0000-000000000002', 'system.projects.manage', 'view'),
    ('a0000000-0000-0000-0000-000000000002', 'system.password_policy.manage', 'view'),
    ('a0000000-0000-0000-0000-000000000002', 'system.project_templates.manage', 'view');

-- Назначить admin'у системную роль «Администратор системы»
INSERT INTO user_roles (user_id, role_id) VALUES
    ('b0000000-0000-0000-ffff-000000000001', 'a0000000-0000-0000-0000-000000000001');

-- Назначить ВСЕМ пользователям системную роль «Пользователь»
INSERT INTO user_roles (user_id, role_id)
SELECT u.id, 'a0000000-0000-0000-0000-000000000002'::uuid
FROM users u;

-- ╔═══════════════════════════════════════════════════════════════════════════╗
-- ║                       ЧАСТЬ 4: ПРОЕКТЫ И ДОСКИ                           ║
-- ╚═══════════════════════════════════════════════════════════════════════════╝

-- ======================== Проекты ========================

INSERT INTO projects (id, key, name, description, project_type, owner_id, status, created_at, sprint_duration_weeks) VALUES
    ('c0000000-0000-0000-0001-000000000000', 'MOBAPP', 'Мобильное приложение ЦифроБанк',
     'Разработка мобильного приложения для клиентов банка: авторизация, счета, платежи, переводы, push-уведомления', 'scrum',
     'b0000000-0000-0000-0000-000000000001', 'active', '2026-02-10 09:00:00+03', 2),
    ('c0000000-0000-0000-0002-000000000000', 'PORTAL', 'Корпоративный портал ЦифроТех',
     'Внутренний корпоративный портал: новости компании, HR-сервисы, база знаний, бронирование переговорок', 'kanban',
     'b0000000-0000-0000-0000-000000000013', 'active', '2026-02-10 10:00:00+03', 2);

-- ======================== Доски MOBAPP (Scrum) ========================

-- Board 1: Основная доска
INSERT INTO boards (id, project_id, name, description, sort_order, is_default, priority_type, estimation_unit, swimlane_group_by, priority_options) VALUES
    ('d0000000-0000-0000-0001-000000000001', 'c0000000-0000-0000-0001-000000000000',
     'Основная доска', 'Спринтовая доска разработки', 1, true, 'priority', 'story_points', '',
     '["Низкий","Средний","Высокий","Критичный"]'::jsonb);

INSERT INTO columns (id, board_id, name, system_type, sort_order, is_locked) VALUES
    ('d0010000-0000-0000-0001-000000000001', 'd0000000-0000-0000-0001-000000000001', 'Бэклог спринта', 'initial',     1, true),
    ('d0010000-0000-0000-0001-000000000002', 'd0000000-0000-0000-0001-000000000001', 'В работе',       'in_progress', 2, false),
    ('d0010000-0000-0000-0001-000000000003', 'd0000000-0000-0000-0001-000000000001', 'На проверке',    'in_progress', 3, false),
    ('d0010000-0000-0000-0001-000000000004', 'd0000000-0000-0000-0001-000000000001', 'Выполнено',      'completed',   4, false);

-- Board 2: Баг-трекер
INSERT INTO boards (id, project_id, name, description, sort_order, is_default, priority_type, estimation_unit, swimlane_group_by, priority_options) VALUES
    ('d0000000-0000-0000-0001-000000000002', 'c0000000-0000-0000-0001-000000000000',
     'Баг-трекер', 'Отслеживание ошибок и дефектов', 2, false, 'priority', 'story_points', '',
     '["Низкий","Средний","Высокий","Критичный"]'::jsonb);

INSERT INTO columns (id, board_id, name, system_type, sort_order, is_locked) VALUES
    ('d0010000-0000-0000-0001-000000000011', 'd0000000-0000-0000-0001-000000000002', 'Новые',        'initial',     1, false),
    ('d0010000-0000-0000-0001-000000000012', 'd0000000-0000-0000-0001-000000000002', 'В работе',     'in_progress', 2, false),
    ('d0010000-0000-0000-0001-000000000013', 'd0000000-0000-0000-0001-000000000002', 'Тестирование', 'in_progress', 3, false),
    ('d0010000-0000-0000-0001-000000000014', 'd0000000-0000-0000-0001-000000000002', 'Закрыто',      'completed',   4, false);

-- ======================== Доски PORTAL (Kanban) ========================

-- Board 1: Основная доска
INSERT INTO boards (id, project_id, name, description, sort_order, is_default, priority_type, estimation_unit, swimlane_group_by, priority_options) VALUES
    ('d0000000-0000-0000-0002-000000000001', 'c0000000-0000-0000-0002-000000000000',
     'Основная доска', 'Kanban-доска с WIP лимитами', 1, true, 'priority', 'time', '',
     '["Низкий","Средний","Высокий","Критичный"]'::jsonb);

INSERT INTO columns (id, board_id, name, system_type, wip_limit, sort_order, is_locked) VALUES
    ('d0010000-0000-0000-0002-000000000001', 'd0000000-0000-0000-0002-000000000001', 'Надо сделать',    'initial',     NULL, 1, false),
    ('d0010000-0000-0000-0002-000000000002', 'd0000000-0000-0000-0002-000000000001', 'Готово к работе', 'initial',     8,    2, false),
    ('d0010000-0000-0000-0002-000000000003', 'd0000000-0000-0000-0002-000000000001', 'В работе',        'in_progress', 6,    3, false),
    ('d0010000-0000-0000-0002-000000000004', 'd0000000-0000-0000-0002-000000000001', 'На проверке',     'in_progress', 4,    4, false),
    ('d0010000-0000-0000-0002-000000000005', 'd0000000-0000-0000-0002-000000000001', 'Выполнено',       'completed',   NULL, 5, false);

INSERT INTO swimlanes (id, board_id, name, sort_order) VALUES
    ('d0020000-0000-0000-0002-000000000001', 'd0000000-0000-0000-0002-000000000001', 'Ускоренный',            1),
    ('d0020000-0000-0000-0002-000000000002', 'd0000000-0000-0000-0002-000000000001', 'С фиксированной датой', 2),
    ('d0020000-0000-0000-0002-000000000003', 'd0000000-0000-0000-0002-000000000001', 'Стандартный',           3),
    ('d0020000-0000-0000-0002-000000000004', 'd0000000-0000-0000-0002-000000000001', 'Нематериальный',        4);

-- Board 2: Дизайн и контент
INSERT INTO boards (id, project_id, name, description, sort_order, is_default, priority_type, estimation_unit, swimlane_group_by, priority_options) VALUES
    ('d0000000-0000-0000-0002-000000000002', 'c0000000-0000-0000-0002-000000000000',
     'Дизайн и контент', 'Работа над дизайном интерфейса и контентом', 2, false, 'priority', 'time', '',
     '["Низкий","Средний","Высокий","Критичный"]'::jsonb);

INSERT INTO columns (id, board_id, name, system_type, sort_order, is_locked) VALUES
    ('d0010000-0000-0000-0002-000000000011', 'd0000000-0000-0000-0002-000000000002', 'Идеи',             'initial',     1, false),
    ('d0010000-0000-0000-0002-000000000012', 'd0000000-0000-0000-0002-000000000002', 'В дизайне',        'in_progress', 2, false),
    ('d0010000-0000-0000-0002-000000000013', 'd0000000-0000-0000-0002-000000000002', 'На согласовании',  'in_progress', 3, false),
    ('d0010000-0000-0000-0002-000000000014', 'd0000000-0000-0000-0002-000000000002', 'Опубликовано',     'completed',   4, false);

-- ======================== Проектные роли ========================

-- MOBAPP roles
INSERT INTO roles (id, scope, project_id, name, description, is_admin) VALUES
    ('e0000000-0000-0000-0001-000000000001', 'project', 'c0000000-0000-0000-0001-000000000000', 'Администратор проекта', 'Полный доступ ко всем сущностям проекта', true),
    ('e0000000-0000-0000-0001-000000000002', 'project', 'c0000000-0000-0000-0001-000000000000', 'Разработчик', 'Работа с задачами и просмотр аналитики', false),
    ('e0000000-0000-0000-0001-000000000003', 'project', 'c0000000-0000-0000-0001-000000000000', 'Тестировщик', 'Тестирование задач и работа с багами', false);

-- PORTAL roles
INSERT INTO roles (id, scope, project_id, name, description, is_admin) VALUES
    ('e0000000-0000-0000-0002-000000000001', 'project', 'c0000000-0000-0000-0002-000000000000', 'Администратор проекта', 'Полный доступ ко всем сущностям проекта', true),
    ('e0000000-0000-0000-0002-000000000002', 'project', 'c0000000-0000-0000-0002-000000000000', 'Разработчик', 'Работа с задачами и просмотр аналитики', false),
    ('e0000000-0000-0000-0002-000000000003', 'project', 'c0000000-0000-0000-0002-000000000000', 'Тестировщик', 'Тестирование задач и работа с багами', false);

-- Permissions for admin roles
INSERT INTO role_permissions (role_id, permission_code, access)
SELECT r.id, perm, 'full'
FROM (VALUES
    ('e0000000-0000-0000-0001-000000000001'::uuid),
    ('e0000000-0000-0000-0002-000000000001'::uuid)
) AS r(id)
CROSS JOIN (VALUES
    ('project.boards'),
    ('project.tasks'),
    ('project.sprints'),
    ('project.settings'),
    ('project.members'),
    ('project.roles'),
    ('project.analytics')
) AS p(perm);

-- Permissions for dev roles
INSERT INTO role_permissions (role_id, permission_code, access)
SELECT r.id, perm, acc
FROM (VALUES
    ('e0000000-0000-0000-0001-000000000002'::uuid),
    ('e0000000-0000-0000-0002-000000000002'::uuid)
) AS r(id)
CROSS JOIN (VALUES
    ('project.tasks',     'full'),
    ('project.boards',    'view'),
    ('project.sprints',   'view'),
    ('project.analytics', 'view')
) AS p(perm, acc);

-- Permissions for QA roles
INSERT INTO role_permissions (role_id, permission_code, access)
SELECT r.id, perm, acc
FROM (VALUES
    ('e0000000-0000-0000-0001-000000000003'::uuid),
    ('e0000000-0000-0000-0002-000000000003'::uuid)
) AS r(id)
CROSS JOIN (VALUES
    ('project.tasks',     'full'),
    ('project.boards',    'view'),
    ('project.sprints',   'view'),
    ('project.analytics', 'view')
) AS p(perm, acc);

-- ======================== Участники проектов ========================

-- MOBAPP: 12 members (employees 1-12)
INSERT INTO members (id, project_id, user_id) VALUES
    ('c1000000-0000-0000-0001-000000000001', 'c0000000-0000-0000-0001-000000000000', 'b0000000-0000-0000-0000-000000000001'),
    ('c1000000-0000-0000-0001-000000000002', 'c0000000-0000-0000-0001-000000000000', 'b0000000-0000-0000-0000-000000000002'),
    ('c1000000-0000-0000-0001-000000000003', 'c0000000-0000-0000-0001-000000000000', 'b0000000-0000-0000-0000-000000000003'),
    ('c1000000-0000-0000-0001-000000000004', 'c0000000-0000-0000-0001-000000000000', 'b0000000-0000-0000-0000-000000000004'),
    ('c1000000-0000-0000-0001-000000000005', 'c0000000-0000-0000-0001-000000000000', 'b0000000-0000-0000-0000-000000000005'),
    ('c1000000-0000-0000-0001-000000000006', 'c0000000-0000-0000-0001-000000000000', 'b0000000-0000-0000-0000-000000000006'),
    ('c1000000-0000-0000-0001-000000000007', 'c0000000-0000-0000-0001-000000000000', 'b0000000-0000-0000-0000-000000000007'),
    ('c1000000-0000-0000-0001-000000000008', 'c0000000-0000-0000-0001-000000000000', 'b0000000-0000-0000-0000-000000000008'),
    ('c1000000-0000-0000-0001-000000000009', 'c0000000-0000-0000-0001-000000000000', 'b0000000-0000-0000-0000-000000000009'),
    ('c1000000-0000-0000-0001-000000000010', 'c0000000-0000-0000-0001-000000000000', 'b0000000-0000-0000-0000-000000000010'),
    ('c1000000-0000-0000-0001-000000000011', 'c0000000-0000-0000-0001-000000000000', 'b0000000-0000-0000-0000-000000000011'),
    ('c1000000-0000-0000-0001-000000000012', 'c0000000-0000-0000-0001-000000000000', 'b0000000-0000-0000-0000-000000000012');

-- PORTAL: 12 members (employees 13-24)
INSERT INTO members (id, project_id, user_id) VALUES
    ('c1000000-0000-0000-0002-000000000001', 'c0000000-0000-0000-0002-000000000000', 'b0000000-0000-0000-0000-000000000013'),
    ('c1000000-0000-0000-0002-000000000002', 'c0000000-0000-0000-0002-000000000000', 'b0000000-0000-0000-0000-000000000014'),
    ('c1000000-0000-0000-0002-000000000003', 'c0000000-0000-0000-0002-000000000000', 'b0000000-0000-0000-0000-000000000015'),
    ('c1000000-0000-0000-0002-000000000004', 'c0000000-0000-0000-0002-000000000000', 'b0000000-0000-0000-0000-000000000016'),
    ('c1000000-0000-0000-0002-000000000005', 'c0000000-0000-0000-0002-000000000000', 'b0000000-0000-0000-0000-000000000017'),
    ('c1000000-0000-0000-0002-000000000006', 'c0000000-0000-0000-0002-000000000000', 'b0000000-0000-0000-0000-000000000018'),
    ('c1000000-0000-0000-0002-000000000007', 'c0000000-0000-0000-0002-000000000000', 'b0000000-0000-0000-0000-000000000019'),
    ('c1000000-0000-0000-0002-000000000008', 'c0000000-0000-0000-0002-000000000000', 'b0000000-0000-0000-0000-000000000020'),
    ('c1000000-0000-0000-0002-000000000009', 'c0000000-0000-0000-0002-000000000000', 'b0000000-0000-0000-0000-000000000021'),
    ('c1000000-0000-0000-0002-000000000010', 'c0000000-0000-0000-0002-000000000000', 'b0000000-0000-0000-0000-000000000022'),
    ('c1000000-0000-0000-0002-000000000011', 'c0000000-0000-0000-0002-000000000000', 'b0000000-0000-0000-0000-000000000023'),
    ('c1000000-0000-0000-0002-000000000012', 'c0000000-0000-0000-0002-000000000000', 'b0000000-0000-0000-0000-000000000024');

-- Member roles: owner = admin, backend/frontend/mobile = dev, QA = tester
-- MOBAPP: employee001 = admin, 002-007 = dev, 008-009 = QA, 010-012 = dev (designer/analyst/devops get dev role)
INSERT INTO member_roles (member_id, role_id) VALUES
    ('c1000000-0000-0000-0001-000000000001', 'e0000000-0000-0000-0001-000000000001'),
    ('c1000000-0000-0000-0001-000000000002', 'e0000000-0000-0000-0001-000000000002'),
    ('c1000000-0000-0000-0001-000000000003', 'e0000000-0000-0000-0001-000000000002'),
    ('c1000000-0000-0000-0001-000000000004', 'e0000000-0000-0000-0001-000000000002'),
    ('c1000000-0000-0000-0001-000000000005', 'e0000000-0000-0000-0001-000000000002'),
    ('c1000000-0000-0000-0001-000000000006', 'e0000000-0000-0000-0001-000000000002'),
    ('c1000000-0000-0000-0001-000000000007', 'e0000000-0000-0000-0001-000000000002'),
    ('c1000000-0000-0000-0001-000000000008', 'e0000000-0000-0000-0001-000000000003'),
    ('c1000000-0000-0000-0001-000000000009', 'e0000000-0000-0000-0001-000000000003'),
    ('c1000000-0000-0000-0001-000000000010', 'e0000000-0000-0000-0001-000000000002'),
    ('c1000000-0000-0000-0001-000000000011', 'e0000000-0000-0000-0001-000000000002'),
    ('c1000000-0000-0000-0001-000000000012', 'e0000000-0000-0000-0001-000000000002');

-- PORTAL: employee013 = admin, 014-019 = dev, 020-021 = QA, 022-024 = dev
INSERT INTO member_roles (member_id, role_id) VALUES
    ('c1000000-0000-0000-0002-000000000001', 'e0000000-0000-0000-0002-000000000001'),
    ('c1000000-0000-0000-0002-000000000002', 'e0000000-0000-0000-0002-000000000002'),
    ('c1000000-0000-0000-0002-000000000003', 'e0000000-0000-0000-0002-000000000002'),
    ('c1000000-0000-0000-0002-000000000004', 'e0000000-0000-0000-0002-000000000002'),
    ('c1000000-0000-0000-0002-000000000005', 'e0000000-0000-0000-0002-000000000002'),
    ('c1000000-0000-0000-0002-000000000006', 'e0000000-0000-0000-0002-000000000002'),
    ('c1000000-0000-0000-0002-000000000007', 'e0000000-0000-0000-0002-000000000002'),
    ('c1000000-0000-0000-0002-000000000008', 'e0000000-0000-0000-0002-000000000003'),
    ('c1000000-0000-0000-0002-000000000009', 'e0000000-0000-0000-0002-000000000003'),
    ('c1000000-0000-0000-0002-000000000010', 'e0000000-0000-0000-0002-000000000002'),
    ('c1000000-0000-0000-0002-000000000011', 'e0000000-0000-0000-0002-000000000002'),
    ('c1000000-0000-0000-0002-000000000012', 'e0000000-0000-0000-0002-000000000002');

-- ╔═══════════════════════════════════════════════════════════════════════════╗
-- ║                         ЧАСТЬ 5: СПРИНТЫ                                 ║
-- ╚═══════════════════════════════════════════════════════════════════════════╝

INSERT INTO sprints (id, project_id, name, goal, start_date, end_date, status, created_at, updated_at) VALUES
    ('f0000000-0000-0000-0001-000000000001', 'c0000000-0000-0000-0001-000000000000', 'Спринт 1', 'Авторизация и каркас приложения',                  '2026-02-17', '2026-02-28', 'completed', '2026-02-16 18:00:00+03', '2026-02-28 18:00:00+03'),
    ('f0000000-0000-0000-0001-000000000002', 'c0000000-0000-0000-0001-000000000000', 'Спринт 2', 'Главный экран и список счетов',                    '2026-03-03', '2026-03-14', 'completed', '2026-03-02 18:00:00+03', '2026-03-14 18:00:00+03'),
    ('f0000000-0000-0000-0001-000000000003', 'c0000000-0000-0000-0001-000000000000', 'Спринт 3', 'Переводы и платежи',                               '2026-03-17', '2026-03-28', 'completed', '2026-03-16 18:00:00+03', '2026-03-28 18:00:00+03'),
    ('f0000000-0000-0000-0001-000000000004', 'c0000000-0000-0000-0001-000000000000', 'Спринт 4', 'Push-уведомления и история операций',              '2026-03-31', '2026-04-11', 'completed', '2026-03-30 18:00:00+03', '2026-04-11 18:00:00+03'),
    ('f0000000-0000-0000-0001-000000000005', 'c0000000-0000-0000-0001-000000000000', 'Спринт 5', 'Вклады и карты',                                   '2026-04-14', '2026-04-25', 'completed', '2026-04-13 18:00:00+03', '2026-04-25 18:00:00+03'),
    ('f0000000-0000-0000-0001-000000000006', 'c0000000-0000-0000-0001-000000000000', 'Спринт 6', 'Биометрия, чат с поддержкой, аналитика расходов',   '2026-04-28', '2026-05-09', 'active',    '2026-04-27 18:00:00+03', '2026-04-28 09:30:00+03');

-- ╔═══════════════════════════════════════════════════════════════════════════╗
-- ║                          ЧАСТЬ 6: ЗАДАЧИ                                 ║
-- ╚═══════════════════════════════════════════════════════════════════════════╝

-- ======================== MOBAPP Board 1 (Основная доска) — 65 задач ========================

INSERT INTO tasks (id, key, project_id, board_id, owner_id, executor_id, name, column_id, priority, estimation, created_at, deadline) VALUES
-- Sprint 1 tasks (completed)
('e1000000-0000-0000-0001-000000000001', 'MOBAPP-1',  'c0000000-0000-0000-0001-000000000000', 'd0000000-0000-0000-0001-000000000001', 'c1000000-0000-0000-0001-000000000001', 'c1000000-0000-0000-0001-000000000002', 'Настроить проект React Native и CI',          'd0010000-0000-0000-0001-000000000004', 'Высокий',   '5',  '2026-02-17 09:30:00+03', '2026-02-21 18:00:00+03'),
('e1000000-0000-0000-0001-000000000002', 'MOBAPP-2',  'c0000000-0000-0000-0001-000000000000', 'd0000000-0000-0000-0001-000000000001', 'c1000000-0000-0000-0001-000000000001', 'c1000000-0000-0000-0001-000000000003', 'Реализовать REST API авторизации',             'd0010000-0000-0000-0001-000000000004', 'Критичный', '8',  '2026-02-17 10:00:00+03', '2026-02-25 18:00:00+03'),
('e1000000-0000-0000-0001-000000000003', 'MOBAPP-3',  'c0000000-0000-0000-0001-000000000000', 'd0000000-0000-0000-0001-000000000001', 'c1000000-0000-0000-0001-000000000001', 'c1000000-0000-0000-0001-000000000004', 'Вёрстка экрана входа по логину и паролю',     'd0010000-0000-0000-0001-000000000004', 'Высокий',   '5',  '2026-02-17 10:30:00+03', '2026-02-24 18:00:00+03'),
('e1000000-0000-0000-0001-000000000004', 'MOBAPP-4',  'c0000000-0000-0000-0001-000000000000', 'd0000000-0000-0000-0001-000000000001', 'c1000000-0000-0000-0001-000000000011', 'c1000000-0000-0000-0001-000000000006', 'Интеграция с Touch ID / Face ID',              'd0010000-0000-0000-0001-000000000004', 'Средний',   '5',  '2026-02-18 09:00:00+03', '2026-02-26 18:00:00+03'),
('e1000000-0000-0000-0001-000000000005', 'MOBAPP-5',  'c0000000-0000-0000-0001-000000000000', 'd0000000-0000-0000-0001-000000000001', 'c1000000-0000-0000-0001-000000000011', 'c1000000-0000-0000-0001-000000000005', 'Реализовать навигацию между экранами',         'd0010000-0000-0000-0001-000000000004', 'Высокий',   '3',  '2026-02-18 10:00:00+03', '2026-02-25 18:00:00+03'),
('e1000000-0000-0000-0001-000000000006', 'MOBAPP-6',  'c0000000-0000-0000-0001-000000000000', 'd0000000-0000-0000-0001-000000000001', 'c1000000-0000-0000-0001-000000000001', 'c1000000-0000-0000-0001-000000000012', 'Настроить Docker-окружение для backend',      'd0010000-0000-0000-0001-000000000004', 'Средний',   '3',  '2026-02-18 11:00:00+03', '2026-02-21 18:00:00+03'),
('e1000000-0000-0000-0001-000000000007', 'MOBAPP-7',  'c0000000-0000-0000-0001-000000000000', 'd0000000-0000-0000-0001-000000000001', 'c1000000-0000-0000-0001-000000000001', 'c1000000-0000-0000-0001-000000000008', 'Написать автотесты для авторизации',           'd0010000-0000-0000-0001-000000000004', 'Средний',   '3',  '2026-02-19 09:00:00+03', '2026-02-27 18:00:00+03'),
('e1000000-0000-0000-0001-000000000008', 'MOBAPP-8',  'c0000000-0000-0000-0001-000000000000', 'd0000000-0000-0000-0001-000000000001', 'c1000000-0000-0000-0001-000000000011', 'c1000000-0000-0000-0001-000000000010', 'Дизайн UI-Kit: кнопки, поля, карточки',       'd0010000-0000-0000-0001-000000000004', 'Высокий',   '8',  '2026-02-17 09:00:00+03', '2026-02-26 18:00:00+03'),
('e1000000-0000-0000-0001-000000000009', 'MOBAPP-9',  'c0000000-0000-0000-0001-000000000000', 'd0000000-0000-0000-0001-000000000001', 'c1000000-0000-0000-0001-000000000001', 'c1000000-0000-0000-0001-000000000002', 'Настроить refresh-токен и автопродление',     'd0010000-0000-0000-0001-000000000004', 'Высокий',   '5',  '2026-02-20 09:00:00+03', '2026-02-28 18:00:00+03'),
('e1000000-0000-0000-0001-000000000010', 'MOBAPP-10', 'c0000000-0000-0000-0001-000000000000', 'd0000000-0000-0000-0001-000000000001', 'c1000000-0000-0000-0001-000000000001', 'c1000000-0000-0000-0001-000000000007', 'Splash-screen и онбординг',                   'd0010000-0000-0000-0001-000000000004', 'Низкий',    '3',  '2026-02-20 10:00:00+03', '2026-02-28 18:00:00+03'),

-- Sprint 2 tasks (completed)
('e1000000-0000-0000-0001-000000000011', 'MOBAPP-11', 'c0000000-0000-0000-0001-000000000000', 'd0000000-0000-0000-0001-000000000001', 'c1000000-0000-0000-0001-000000000001', 'c1000000-0000-0000-0001-000000000002', 'API получения списка счетов клиента',         'd0010000-0000-0000-0001-000000000004', 'Критичный', '8',  '2026-03-03 09:00:00+03', '2026-03-10 18:00:00+03'),
('e1000000-0000-0000-0001-000000000012', 'MOBAPP-12', 'c0000000-0000-0000-0001-000000000000', 'd0000000-0000-0000-0001-000000000001', 'c1000000-0000-0000-0001-000000000001', 'c1000000-0000-0000-0001-000000000004', 'Вёрстка главного экрана с балансами',         'd0010000-0000-0000-0001-000000000004', 'Высокий',   '8',  '2026-03-03 10:00:00+03', '2026-03-11 18:00:00+03'),
('e1000000-0000-0000-0001-000000000013', 'MOBAPP-13', 'c0000000-0000-0000-0001-000000000000', 'd0000000-0000-0000-0001-000000000001', 'c1000000-0000-0000-0001-000000000011', 'c1000000-0000-0000-0001-000000000005', 'Виджет последних 5 операций',                 'd0010000-0000-0000-0001-000000000004', 'Средний',   '5',  '2026-03-04 09:00:00+03', '2026-03-12 18:00:00+03'),
('e1000000-0000-0000-0001-000000000014', 'MOBAPP-14', 'c0000000-0000-0000-0001-000000000000', 'd0000000-0000-0000-0001-000000000001', 'c1000000-0000-0000-0001-000000000001', 'c1000000-0000-0000-0001-000000000003', 'Кэширование данных счетов в SQLite',          'd0010000-0000-0000-0001-000000000004', 'Средний',   '5',  '2026-03-04 10:00:00+03', '2026-03-13 18:00:00+03'),
('e1000000-0000-0000-0001-000000000015', 'MOBAPP-15', 'c0000000-0000-0000-0001-000000000000', 'd0000000-0000-0000-0001-000000000001', 'c1000000-0000-0000-0001-000000000001', 'c1000000-0000-0000-0001-000000000006', 'Pull-to-refresh на главном экране',           'd0010000-0000-0000-0001-000000000004', 'Низкий',    '2',  '2026-03-05 09:00:00+03', '2026-03-13 18:00:00+03'),
('e1000000-0000-0000-0001-000000000016', 'MOBAPP-16', 'c0000000-0000-0000-0001-000000000000', 'd0000000-0000-0000-0001-000000000001', 'c1000000-0000-0000-0001-000000000001', 'c1000000-0000-0000-0001-000000000009', 'UI-тесты главного экрана',                    'd0010000-0000-0000-0001-000000000004', 'Средний',   '3',  '2026-03-06 09:00:00+03', '2026-03-14 18:00:00+03'),
('e1000000-0000-0000-0001-000000000017', 'MOBAPP-17', 'c0000000-0000-0000-0001-000000000000', 'd0000000-0000-0000-0001-000000000001', 'c1000000-0000-0000-0001-000000000011', 'c1000000-0000-0000-0001-000000000010', 'Дизайн экрана деталей счёта',                 'd0010000-0000-0000-0001-000000000004', 'Средний',   '3',  '2026-03-03 09:30:00+03', '2026-03-10 18:00:00+03'),
('e1000000-0000-0000-0001-000000000018', 'MOBAPP-18', 'c0000000-0000-0000-0001-000000000000', 'd0000000-0000-0000-0001-000000000001', 'c1000000-0000-0000-0001-000000000001', 'c1000000-0000-0000-0001-000000000007', 'Экран деталей счёта с графиком баланса',      'd0010000-0000-0000-0001-000000000004', 'Средний',   '5',  '2026-03-05 10:00:00+03', '2026-03-14 18:00:00+03'),
('e1000000-0000-0000-0001-000000000019', 'MOBAPP-19', 'c0000000-0000-0000-0001-000000000000', 'd0000000-0000-0000-0001-000000000001', 'c1000000-0000-0000-0001-000000000001', 'c1000000-0000-0000-0001-000000000002', 'API детальной информации по счёту',            'd0010000-0000-0000-0001-000000000004', 'Высокий',   '5',  '2026-03-03 11:00:00+03', '2026-03-12 18:00:00+03'),
('e1000000-0000-0000-0001-000000000020', 'MOBAPP-20', 'c0000000-0000-0000-0001-000000000000', 'd0000000-0000-0000-0001-000000000001', 'c1000000-0000-0000-0001-000000000001', 'c1000000-0000-0000-0001-000000000008', 'Тестирование кэширования данных',             'd0010000-0000-0000-0001-000000000004', 'Низкий',    '3',  '2026-03-07 09:00:00+03', '2026-03-14 18:00:00+03'),

-- Sprint 3 tasks (completed)
('e1000000-0000-0000-0001-000000000021', 'MOBAPP-21', 'c0000000-0000-0000-0001-000000000000', 'd0000000-0000-0000-0001-000000000001', 'c1000000-0000-0000-0001-000000000001', 'c1000000-0000-0000-0001-000000000003', 'API перевода между своими счетами',           'd0010000-0000-0000-0001-000000000004', 'Критичный', '8',  '2026-03-17 09:00:00+03', '2026-03-24 18:00:00+03'),
('e1000000-0000-0000-0001-000000000022', 'MOBAPP-22', 'c0000000-0000-0000-0001-000000000000', 'd0000000-0000-0000-0001-000000000001', 'c1000000-0000-0000-0001-000000000001', 'c1000000-0000-0000-0001-000000000004', 'Форма перевода между счетами',                'd0010000-0000-0000-0001-000000000004', 'Высокий',   '5',  '2026-03-17 10:00:00+03', '2026-03-25 18:00:00+03'),
('e1000000-0000-0000-0001-000000000023', 'MOBAPP-23', 'c0000000-0000-0000-0001-000000000000', 'd0000000-0000-0000-0001-000000000001', 'c1000000-0000-0000-0001-000000000001', 'c1000000-0000-0000-0001-000000000002', 'API перевода по номеру телефона (СБП)',       'd0010000-0000-0000-0001-000000000004', 'Критичный', '8',  '2026-03-18 09:00:00+03', '2026-03-26 18:00:00+03'),
('e1000000-0000-0000-0001-000000000024', 'MOBAPP-24', 'c0000000-0000-0000-0001-000000000000', 'd0000000-0000-0000-0001-000000000001', 'c1000000-0000-0000-0001-000000000011', 'c1000000-0000-0000-0001-000000000005', 'Экран подтверждения перевода с SMS-кодом',    'd0010000-0000-0000-0001-000000000004', 'Высокий',   '5',  '2026-03-18 10:00:00+03', '2026-03-27 18:00:00+03'),
('e1000000-0000-0000-0001-000000000025', 'MOBAPP-25', 'c0000000-0000-0000-0001-000000000000', 'd0000000-0000-0000-0001-000000000001', 'c1000000-0000-0000-0001-000000000001', 'c1000000-0000-0000-0001-000000000006', 'Интеграция с SDK оплаты NFC',                 'd0010000-0000-0000-0001-000000000004', 'Средний',   '5',  '2026-03-19 09:00:00+03', '2026-03-28 18:00:00+03'),
('e1000000-0000-0000-0001-000000000026', 'MOBAPP-26', 'c0000000-0000-0000-0001-000000000000', 'd0000000-0000-0000-0001-000000000001', 'c1000000-0000-0000-0001-000000000001', 'c1000000-0000-0000-0001-000000000009', 'Регрессионное тестирование переводов',        'd0010000-0000-0000-0001-000000000004', 'Высокий',   '5',  '2026-03-20 09:00:00+03', '2026-03-28 18:00:00+03'),
('e1000000-0000-0000-0001-000000000027', 'MOBAPP-27', 'c0000000-0000-0000-0001-000000000000', 'd0000000-0000-0000-0001-000000000001', 'c1000000-0000-0000-0001-000000000011', 'c1000000-0000-0000-0001-000000000010', 'Дизайн экранов платежей',                     'd0010000-0000-0000-0001-000000000004', 'Средний',   '5',  '2026-03-17 09:30:00+03', '2026-03-24 18:00:00+03'),
('e1000000-0000-0000-0001-000000000028', 'MOBAPP-28', 'c0000000-0000-0000-0001-000000000000', 'd0000000-0000-0000-0001-000000000001', 'c1000000-0000-0000-0001-000000000001', 'c1000000-0000-0000-0001-000000000003', 'Шаблоны часто используемых платежей',         'd0010000-0000-0000-0001-000000000004', 'Средний',   '5',  '2026-03-19 10:00:00+03', '2026-03-28 18:00:00+03'),
('e1000000-0000-0000-0001-000000000029', 'MOBAPP-29', 'c0000000-0000-0000-0001-000000000000', 'd0000000-0000-0000-0001-000000000001', 'c1000000-0000-0000-0001-000000000001', 'c1000000-0000-0000-0001-000000000007', 'Анимации переходов при оплате',               'd0010000-0000-0000-0001-000000000004', 'Низкий',    '2',  '2026-03-20 10:00:00+03', '2026-03-28 18:00:00+03'),
('e1000000-0000-0000-0001-000000000030', 'MOBAPP-30', 'c0000000-0000-0000-0001-000000000000', 'd0000000-0000-0000-0001-000000000001', 'c1000000-0000-0000-0001-000000000001', 'c1000000-0000-0000-0001-000000000008', 'E2E тесты платёжных сценариев',               'd0010000-0000-0000-0001-000000000004', 'Средний',   '5',  '2026-03-21 09:00:00+03', '2026-03-28 18:00:00+03'),

-- Sprint 4 tasks (completed)
('e1000000-0000-0000-0001-000000000031', 'MOBAPP-31', 'c0000000-0000-0000-0001-000000000000', 'd0000000-0000-0000-0001-000000000001', 'c1000000-0000-0000-0001-000000000001', 'c1000000-0000-0000-0001-000000000002', 'API push-уведомлений через Firebase',        'd0010000-0000-0000-0001-000000000004', 'Высокий',   '8',  '2026-03-31 09:00:00+03', '2026-04-07 18:00:00+03'),
('e1000000-0000-0000-0001-000000000032', 'MOBAPP-32', 'c0000000-0000-0000-0001-000000000000', 'd0000000-0000-0000-0001-000000000001', 'c1000000-0000-0000-0001-000000000001', 'c1000000-0000-0000-0001-000000000006', 'Обработка push на iOS',                       'd0010000-0000-0000-0001-000000000004', 'Высокий',   '5',  '2026-03-31 10:00:00+03', '2026-04-08 18:00:00+03'),
('e1000000-0000-0000-0001-000000000033', 'MOBAPP-33', 'c0000000-0000-0000-0001-000000000000', 'd0000000-0000-0000-0001-000000000001', 'c1000000-0000-0000-0001-000000000001', 'c1000000-0000-0000-0001-000000000007', 'Обработка push на Android',                   'd0010000-0000-0000-0001-000000000004', 'Высокий',   '5',  '2026-03-31 11:00:00+03', '2026-04-08 18:00:00+03'),
('e1000000-0000-0000-0001-000000000034', 'MOBAPP-34', 'c0000000-0000-0000-0001-000000000000', 'd0000000-0000-0000-0001-000000000001', 'c1000000-0000-0000-0001-000000000001', 'c1000000-0000-0000-0001-000000000003', 'API истории операций с пагинацией',           'd0010000-0000-0000-0001-000000000004', 'Критичный', '8',  '2026-04-01 09:00:00+03', '2026-04-09 18:00:00+03'),
('e1000000-0000-0000-0001-000000000035', 'MOBAPP-35', 'c0000000-0000-0000-0001-000000000000', 'd0000000-0000-0000-0001-000000000001', 'c1000000-0000-0000-0001-000000000011', 'c1000000-0000-0000-0001-000000000004', 'Экран истории с фильтрами и поиском',         'd0010000-0000-0000-0001-000000000004', 'Высокий',   '8',  '2026-04-01 10:00:00+03', '2026-04-10 18:00:00+03'),
('e1000000-0000-0000-0001-000000000036', 'MOBAPP-36', 'c0000000-0000-0000-0001-000000000000', 'd0000000-0000-0000-0001-000000000001', 'c1000000-0000-0000-0001-000000000001', 'c1000000-0000-0000-0001-000000000005', 'Экспорт выписки в PDF',                       'd0010000-0000-0000-0001-000000000004', 'Средний',   '5',  '2026-04-02 09:00:00+03', '2026-04-10 18:00:00+03'),
('e1000000-0000-0000-0001-000000000037', 'MOBAPP-37', 'c0000000-0000-0000-0001-000000000000', 'd0000000-0000-0000-0001-000000000001', 'c1000000-0000-0000-0001-000000000001', 'c1000000-0000-0000-0001-000000000009', 'Тестирование push-уведомлений',               'd0010000-0000-0000-0001-000000000004', 'Средний',   '3',  '2026-04-03 09:00:00+03', '2026-04-11 18:00:00+03'),
('e1000000-0000-0000-0001-000000000038', 'MOBAPP-38', 'c0000000-0000-0000-0001-000000000000', 'd0000000-0000-0000-0001-000000000001', 'c1000000-0000-0000-0001-000000000001', 'c1000000-0000-0000-0001-000000000012', 'Настройка мониторинга доставки push',         'd0010000-0000-0000-0001-000000000004', 'Средний',   '3',  '2026-04-02 10:00:00+03', '2026-04-10 18:00:00+03'),
('e1000000-0000-0000-0001-000000000039', 'MOBAPP-39', 'c0000000-0000-0000-0001-000000000000', 'd0000000-0000-0000-0001-000000000001', 'c1000000-0000-0000-0001-000000000011', 'c1000000-0000-0000-0001-000000000010', 'Дизайн экрана уведомлений',                   'd0010000-0000-0000-0001-000000000004', 'Низкий',    '3',  '2026-03-31 09:30:00+03', '2026-04-07 18:00:00+03'),
('e1000000-0000-0000-0001-000000000040', 'MOBAPP-40', 'c0000000-0000-0000-0001-000000000000', 'd0000000-0000-0000-0001-000000000001', 'c1000000-0000-0000-0001-000000000001', 'c1000000-0000-0000-0001-000000000008', 'Нагрузочное тестирование API истории',        'd0010000-0000-0000-0001-000000000004', 'Средний',   '3',  '2026-04-03 10:00:00+03', '2026-04-11 18:00:00+03'),

-- Sprint 5 tasks (completed)
('e1000000-0000-0000-0001-000000000041', 'MOBAPP-41', 'c0000000-0000-0000-0001-000000000000', 'd0000000-0000-0000-0001-000000000001', 'c1000000-0000-0000-0001-000000000001', 'c1000000-0000-0000-0001-000000000002', 'API открытия вклада',                         'd0010000-0000-0000-0001-000000000004', 'Критичный', '8',  '2026-04-14 09:00:00+03', '2026-04-22 18:00:00+03'),
('e1000000-0000-0000-0001-000000000042', 'MOBAPP-42', 'c0000000-0000-0000-0001-000000000000', 'd0000000-0000-0000-0001-000000000001', 'c1000000-0000-0000-0001-000000000001', 'c1000000-0000-0000-0001-000000000004', 'Экран открытия вклада с выбором условий',     'd0010000-0000-0000-0001-000000000004', 'Высокий',   '5',  '2026-04-14 10:00:00+03', '2026-04-22 18:00:00+03'),
('e1000000-0000-0000-0001-000000000043', 'MOBAPP-43', 'c0000000-0000-0000-0001-000000000000', 'd0000000-0000-0000-0001-000000000001', 'c1000000-0000-0000-0001-000000000001', 'c1000000-0000-0000-0001-000000000003', 'Калькулятор доходности вклада',               'd0010000-0000-0000-0001-000000000004', 'Средний',   '5',  '2026-04-15 09:00:00+03', '2026-04-23 18:00:00+03'),
('e1000000-0000-0000-0001-000000000044', 'MOBAPP-44', 'c0000000-0000-0000-0001-000000000000', 'd0000000-0000-0000-0001-000000000001', 'c1000000-0000-0000-0001-000000000001', 'c1000000-0000-0000-0001-000000000005', 'Экран списка карт клиента',                   'd0010000-0000-0000-0001-000000000004', 'Высокий',   '5',  '2026-04-15 10:00:00+03', '2026-04-23 18:00:00+03'),
('e1000000-0000-0000-0001-000000000045', 'MOBAPP-45', 'c0000000-0000-0000-0001-000000000000', 'd0000000-0000-0000-0001-000000000001', 'c1000000-0000-0000-0001-000000000001', 'c1000000-0000-0000-0001-000000000006', 'Блокировка карты из приложения',              'd0010000-0000-0000-0001-000000000004', 'Высокий',   '5',  '2026-04-16 09:00:00+03', '2026-04-24 18:00:00+03'),
('e1000000-0000-0000-0001-000000000046', 'MOBAPP-46', 'c0000000-0000-0000-0001-000000000000', 'd0000000-0000-0000-0001-000000000001', 'c1000000-0000-0000-0001-000000000001', 'c1000000-0000-0000-0001-000000000007', 'Настройка лимитов по карте',                  'd0010000-0000-0000-0001-000000000004', 'Средний',   '3',  '2026-04-16 10:00:00+03', '2026-04-24 18:00:00+03'),
('e1000000-0000-0000-0001-000000000047', 'MOBAPP-47', 'c0000000-0000-0000-0001-000000000000', 'd0000000-0000-0000-0001-000000000001', 'c1000000-0000-0000-0001-000000000001', 'c1000000-0000-0000-0001-000000000009', 'Тестирование вкладов и карт',                 'd0010000-0000-0000-0001-000000000004', 'Средний',   '5',  '2026-04-17 09:00:00+03', '2026-04-25 18:00:00+03'),
('e1000000-0000-0000-0001-000000000048', 'MOBAPP-48', 'c0000000-0000-0000-0001-000000000000', 'd0000000-0000-0000-0001-000000000001', 'c1000000-0000-0000-0001-000000000011', 'c1000000-0000-0000-0001-000000000010', 'Дизайн экранов вкладов',                      'd0010000-0000-0000-0001-000000000004', 'Средний',   '5',  '2026-04-14 09:30:00+03', '2026-04-21 18:00:00+03'),
('e1000000-0000-0000-0001-000000000049', 'MOBAPP-49', 'c0000000-0000-0000-0001-000000000000', 'd0000000-0000-0000-0001-000000000001', 'c1000000-0000-0000-0001-000000000001', 'c1000000-0000-0000-0001-000000000002', 'Пополнение вклада со счёта',                  'd0010000-0000-0000-0001-000000000004', 'Средний',   '5',  '2026-04-17 10:00:00+03', '2026-04-25 18:00:00+03'),
('e1000000-0000-0000-0001-000000000050', 'MOBAPP-50', 'c0000000-0000-0000-0001-000000000000', 'd0000000-0000-0000-0001-000000000001', 'c1000000-0000-0000-0001-000000000001', 'c1000000-0000-0000-0001-000000000008', 'Автоматизация тестов карточных операций',     'd0010000-0000-0000-0001-000000000004', 'Низкий',    '3',  '2026-04-18 09:00:00+03', '2026-04-25 18:00:00+03'),

-- Sprint 6 tasks (active — mixed statuses)
('e1000000-0000-0000-0001-000000000051', 'MOBAPP-51', 'c0000000-0000-0000-0001-000000000000', 'd0000000-0000-0000-0001-000000000001', 'c1000000-0000-0000-0001-000000000001', 'c1000000-0000-0000-0001-000000000002', 'API аутентификации по биометрии',             'd0010000-0000-0000-0001-000000000004', 'Критичный', '8',  '2026-04-28 09:00:00+03', '2026-05-06 18:00:00+03'),
('e1000000-0000-0000-0001-000000000052', 'MOBAPP-52', 'c0000000-0000-0000-0001-000000000000', 'd0000000-0000-0000-0001-000000000001', 'c1000000-0000-0000-0001-000000000001', 'c1000000-0000-0000-0001-000000000006', 'Интеграция FaceID/TouchID для входа',         'd0010000-0000-0000-0001-000000000004', 'Высокий',   '5',  '2026-04-28 10:00:00+03', '2026-05-07 18:00:00+03'),
('e1000000-0000-0000-0001-000000000053', 'MOBAPP-53', 'c0000000-0000-0000-0001-000000000000', 'd0000000-0000-0000-0001-000000000001', 'c1000000-0000-0000-0001-000000000001', 'c1000000-0000-0000-0001-000000000003', 'Чат с поддержкой: backend (WebSocket)',       'd0010000-0000-0000-0001-000000000003', 'Высокий',   '8',  '2026-04-28 11:00:00+03', '2026-05-08 18:00:00+03'),
('e1000000-0000-0000-0001-000000000054', 'MOBAPP-54', 'c0000000-0000-0000-0001-000000000000', 'd0000000-0000-0000-0001-000000000001', 'c1000000-0000-0000-0001-000000000011', 'c1000000-0000-0000-0001-000000000005', 'Экран чата с поддержкой',                     'd0010000-0000-0000-0001-000000000002', 'Высокий',   '5',  '2026-04-29 09:00:00+03', '2026-05-08 18:00:00+03'),
('e1000000-0000-0000-0001-000000000055', 'MOBAPP-55', 'c0000000-0000-0000-0001-000000000000', 'd0000000-0000-0000-0001-000000000001', 'c1000000-0000-0000-0001-000000000001', 'c1000000-0000-0000-0001-000000000004', 'Аналитика расходов по категориям',            'd0010000-0000-0000-0001-000000000002', 'Средний',   '8',  '2026-04-29 10:00:00+03', '2026-05-09 18:00:00+03'),
('e1000000-0000-0000-0001-000000000056', 'MOBAPP-56', 'c0000000-0000-0000-0001-000000000000', 'd0000000-0000-0000-0001-000000000001', 'c1000000-0000-0000-0001-000000000001', 'c1000000-0000-0000-0001-000000000007', 'Графики расходов (круговая/столбчатая)',      'd0010000-0000-0000-0001-000000000002', 'Средний',   '5',  '2026-04-30 09:00:00+03', '2026-05-09 18:00:00+03'),
('e1000000-0000-0000-0001-000000000057', 'MOBAPP-57', 'c0000000-0000-0000-0001-000000000000', 'd0000000-0000-0000-0001-000000000001', 'c1000000-0000-0000-0001-000000000011', 'c1000000-0000-0000-0001-000000000010', 'Дизайн экрана аналитики',                     'd0010000-0000-0000-0001-000000000003', 'Средний',   '3',  '2026-04-28 09:30:00+03', '2026-05-05 18:00:00+03'),
('e1000000-0000-0000-0001-000000000058', 'MOBAPP-58', 'c0000000-0000-0000-0001-000000000000', 'd0000000-0000-0000-0001-000000000001', 'c1000000-0000-0000-0001-000000000001', 'c1000000-0000-0000-0001-000000000009', 'Тестирование биометрии на устройствах',       'd0010000-0000-0000-0001-000000000001', 'Средний',   '3',  '2026-04-30 10:00:00+03', '2026-05-09 18:00:00+03'),
('e1000000-0000-0000-0001-000000000059', 'MOBAPP-59', 'c0000000-0000-0000-0001-000000000000', 'd0000000-0000-0000-0001-000000000001', 'c1000000-0000-0000-0001-000000000001', 'c1000000-0000-0000-0001-000000000012', 'CI/CD для релизного билда в TestFlight',      'd0010000-0000-0000-0001-000000000001', 'Средний',   '5',  '2026-05-01 09:00:00+03', '2026-05-09 18:00:00+03'),
('e1000000-0000-0000-0001-000000000060', 'MOBAPP-60', 'c0000000-0000-0000-0001-000000000000', 'd0000000-0000-0000-0001-000000000001', 'c1000000-0000-0000-0001-000000000001', 'c1000000-0000-0000-0001-000000000008', 'Регрессионный прогон перед релизом',          'd0010000-0000-0000-0001-000000000001', 'Высокий',   '5',  '2026-05-02 09:00:00+03', '2026-05-09 18:00:00+03'),

-- Backlog tasks (no sprint)
('e1000000-0000-0000-0001-000000000061', 'MOBAPP-61', 'c0000000-0000-0000-0001-000000000000', 'd0000000-0000-0000-0001-000000000001', 'c1000000-0000-0000-0001-000000000011', NULL, 'Оффлайн-режим просмотра операций',            'd0010000-0000-0000-0001-000000000001', 'Низкий',    '8',  '2026-03-10 09:00:00+03', NULL),
('e1000000-0000-0000-0001-000000000062', 'MOBAPP-62', 'c0000000-0000-0000-0001-000000000000', 'd0000000-0000-0000-0001-000000000001', 'c1000000-0000-0000-0001-000000000011', NULL, 'Оплата услуг ЖКХ',                            'd0010000-0000-0000-0001-000000000001', 'Средний',   '8',  '2026-03-12 09:00:00+03', NULL),
('e1000000-0000-0000-0001-000000000063', 'MOBAPP-63', 'c0000000-0000-0000-0001-000000000000', 'd0000000-0000-0000-0001-000000000001', 'c1000000-0000-0000-0001-000000000011', NULL, 'Оплата мобильной связи',                      'd0010000-0000-0000-0001-000000000001', 'Средний',   '5',  '2026-03-12 10:00:00+03', NULL),
('e1000000-0000-0000-0001-000000000064', 'MOBAPP-64', 'c0000000-0000-0000-0001-000000000000', 'd0000000-0000-0000-0001-000000000001', 'c1000000-0000-0000-0001-000000000011', NULL, 'Заказ и активация новой карты',                'd0010000-0000-0000-0001-000000000001', 'Средний',   '8',  '2026-04-01 09:00:00+03', NULL),
('e1000000-0000-0000-0001-000000000065', 'MOBAPP-65', 'c0000000-0000-0000-0001-000000000000', 'd0000000-0000-0000-0001-000000000001', 'c1000000-0000-0000-0001-000000000011', NULL, 'Интеграция с бюро кредитных историй',          'd0010000-0000-0000-0001-000000000001', 'Низкий',    '13', '2026-04-10 09:00:00+03', NULL);

-- ======================== MOBAPP Board 2 (Баг-трекер) — 15 задач ========================

INSERT INTO tasks (id, key, project_id, board_id, owner_id, executor_id, name, column_id, priority, estimation, created_at, deadline) VALUES
('e1000000-0000-0000-0001-000000000066', 'MOBAPP-66', 'c0000000-0000-0000-0001-000000000000', 'd0000000-0000-0000-0001-000000000002', 'c1000000-0000-0000-0001-000000000008', 'c1000000-0000-0000-0001-000000000002', 'Падение при двойном нажатии на кнопку оплаты','d0010000-0000-0000-0001-000000000014', 'Критичный', '3',  '2026-03-20 11:00:00+03', '2026-03-21 18:00:00+03'),
('e1000000-0000-0000-0001-000000000067', 'MOBAPP-67', 'c0000000-0000-0000-0001-000000000000', 'd0000000-0000-0000-0001-000000000002', 'c1000000-0000-0000-0001-000000000009', 'c1000000-0000-0000-0001-000000000004', 'Не обновляется баланс после перевода',        'd0010000-0000-0000-0001-000000000014', 'Высокий',   '3',  '2026-03-25 14:00:00+03', '2026-03-27 18:00:00+03'),
('e1000000-0000-0000-0001-000000000068', 'MOBAPP-68', 'c0000000-0000-0000-0001-000000000000', 'd0000000-0000-0000-0001-000000000002', 'c1000000-0000-0000-0001-000000000008', 'c1000000-0000-0000-0001-000000000003', 'Утечка памяти на экране истории',             'd0010000-0000-0000-0001-000000000014', 'Средний',   '5',  '2026-04-02 15:00:00+03', '2026-04-07 18:00:00+03'),
('e1000000-0000-0000-0001-000000000069', 'MOBAPP-69', 'c0000000-0000-0000-0001-000000000000', 'd0000000-0000-0000-0001-000000000002', 'c1000000-0000-0000-0001-000000000009', 'c1000000-0000-0000-0001-000000000005', 'Некорректное отображение суммы с копейками',  'd0010000-0000-0000-0001-000000000014', 'Средний',   '2',  '2026-04-05 10:00:00+03', '2026-04-09 18:00:00+03'),
('e1000000-0000-0000-0001-000000000070', 'MOBAPP-70', 'c0000000-0000-0000-0001-000000000000', 'd0000000-0000-0000-0001-000000000002', 'c1000000-0000-0000-0001-000000000008', 'c1000000-0000-0000-0001-000000000006', 'Зависание при слабом интернете на iOS',       'd0010000-0000-0000-0001-000000000014', 'Высокий',   '5',  '2026-04-10 11:00:00+03', '2026-04-14 18:00:00+03'),
('e1000000-0000-0000-0001-000000000071', 'MOBAPP-71', 'c0000000-0000-0000-0001-000000000000', 'd0000000-0000-0000-0001-000000000002', 'c1000000-0000-0000-0001-000000000009', 'c1000000-0000-0000-0001-000000000007', 'Крэш на Android 11 при открытии push',       'd0010000-0000-0000-0001-000000000014', 'Критичный', '3',  '2026-04-15 09:00:00+03', '2026-04-16 18:00:00+03'),
('e1000000-0000-0000-0001-000000000072', 'MOBAPP-72', 'c0000000-0000-0000-0001-000000000000', 'd0000000-0000-0000-0001-000000000002', 'c1000000-0000-0000-0001-000000000008', 'c1000000-0000-0000-0001-000000000002', 'Неправильная сортировка операций',            'd0010000-0000-0000-0001-000000000014', 'Средний',   '2',  '2026-04-18 14:00:00+03', '2026-04-22 18:00:00+03'),
('e1000000-0000-0000-0001-000000000073', 'MOBAPP-73', 'c0000000-0000-0000-0001-000000000000', 'd0000000-0000-0000-0001-000000000002', 'c1000000-0000-0000-0001-000000000009', 'c1000000-0000-0000-0001-000000000003', 'Ошибка 500 при пустом описании платежа',     'd0010000-0000-0000-0001-000000000014', 'Высокий',   '2',  '2026-04-20 10:00:00+03', '2026-04-22 18:00:00+03'),
('e1000000-0000-0000-0001-000000000074', 'MOBAPP-74', 'c0000000-0000-0000-0001-000000000000', 'd0000000-0000-0000-0001-000000000002', 'c1000000-0000-0000-0001-000000000008', 'c1000000-0000-0000-0001-000000000005', 'Дублирование push-уведомлений',              'd0010000-0000-0000-0001-000000000013', 'Средний',   '3',  '2026-04-25 11:00:00+03', '2026-04-30 18:00:00+03'),
('e1000000-0000-0000-0001-000000000075', 'MOBAPP-75', 'c0000000-0000-0000-0001-000000000000', 'd0000000-0000-0000-0001-000000000002', 'c1000000-0000-0000-0001-000000000009', 'c1000000-0000-0000-0001-000000000004', 'Съезжает верстка на iPhone SE',              'd0010000-0000-0000-0001-000000000012', 'Низкий',    '2',  '2026-04-28 14:00:00+03', '2026-05-05 18:00:00+03'),
('e1000000-0000-0000-0001-000000000076', 'MOBAPP-76', 'c0000000-0000-0000-0001-000000000000', 'd0000000-0000-0000-0001-000000000002', 'c1000000-0000-0000-0001-000000000008', 'c1000000-0000-0000-0001-000000000006', 'Не работает биометрия после обновления OS',  'd0010000-0000-0000-0001-000000000012', 'Критичный', '5',  '2026-05-02 10:00:00+03', '2026-05-05 18:00:00+03'),
('e1000000-0000-0000-0001-000000000077', 'MOBAPP-77', 'c0000000-0000-0000-0001-000000000000', 'd0000000-0000-0000-0001-000000000002', 'c1000000-0000-0000-0001-000000000009', 'c1000000-0000-0000-0001-000000000007', 'Медленная загрузка списка карт',             'd0010000-0000-0000-0001-000000000012', 'Средний',   '3',  '2026-05-05 09:00:00+03', '2026-05-09 18:00:00+03'),
('e1000000-0000-0000-0001-000000000078', 'MOBAPP-78', 'c0000000-0000-0000-0001-000000000000', 'd0000000-0000-0000-0001-000000000002', 'c1000000-0000-0000-0001-000000000008', NULL, 'Мерцание экрана при смене темы',              'd0010000-0000-0000-0001-000000000011', 'Низкий',    '2',  '2026-05-06 11:00:00+03', NULL),
('e1000000-0000-0000-0001-000000000079', 'MOBAPP-79', 'c0000000-0000-0000-0001-000000000000', 'd0000000-0000-0000-0001-000000000002', 'c1000000-0000-0000-0001-000000000009', NULL, 'Ошибка валидации номера телефона (8 vs +7)',  'd0010000-0000-0000-0001-000000000011', 'Средний',   '2',  '2026-05-07 09:00:00+03', NULL),
('e1000000-0000-0000-0001-000000000080', 'MOBAPP-80', 'c0000000-0000-0000-0001-000000000000', 'd0000000-0000-0000-0001-000000000002', 'c1000000-0000-0000-0001-000000000008', NULL, 'Не сохраняются настройки уведомлений',       'd0010000-0000-0000-0001-000000000011', 'Средний',   '3',  '2026-05-08 09:00:00+03', NULL);

-- ======================== PORTAL Board 1 (Основная доска) — 55 задач ========================

INSERT INTO tasks (id, key, project_id, board_id, owner_id, executor_id, name, column_id, swimlane_id, priority, estimation, created_at, deadline) VALUES
-- Completed tasks (spread over 12 weeks)
('e1000000-0000-0000-0002-000000000001', 'PORTAL-1',  'c0000000-0000-0000-0002-000000000000', 'd0000000-0000-0000-0002-000000000001', 'c1000000-0000-0000-0002-000000000001', 'c1000000-0000-0000-0002-000000000002', 'Архитектура backend: модули и API',            'd0010000-0000-0000-0002-000000000005', 'd0020000-0000-0000-0002-000000000003', 'Критичный', '4',  '2026-02-17 09:00:00+03', '2026-02-21 18:00:00+03'),
('e1000000-0000-0000-0002-000000000002', 'PORTAL-2',  'c0000000-0000-0000-0002-000000000000', 'd0000000-0000-0000-0002-000000000001', 'c1000000-0000-0000-0002-000000000001', 'c1000000-0000-0000-0002-000000000003', 'Настроить Next.js проект и линтеры',          'd0010000-0000-0000-0002-000000000005', 'd0020000-0000-0000-0002-000000000003', 'Высокий',   '3',  '2026-02-17 10:00:00+03', '2026-02-20 18:00:00+03'),
('e1000000-0000-0000-0002-000000000003', 'PORTAL-3',  'c0000000-0000-0000-0002-000000000000', 'd0000000-0000-0000-0002-000000000001', 'c1000000-0000-0000-0002-000000000001', 'c1000000-0000-0000-0002-000000000004', 'Развернуть PostgreSQL и Redis',               'd0010000-0000-0000-0002-000000000005', 'd0020000-0000-0000-0002-000000000003', 'Высокий',   '2',  '2026-02-18 09:00:00+03', '2026-02-19 18:00:00+03'),
('e1000000-0000-0000-0002-000000000004', 'PORTAL-4',  'c0000000-0000-0000-0002-000000000000', 'd0000000-0000-0000-0002-000000000001', 'c1000000-0000-0000-0002-000000000001', 'c1000000-0000-0000-0002-000000000005', 'Авторизация через корпоративный LDAP',        'd0010000-0000-0000-0002-000000000005', 'd0020000-0000-0000-0002-000000000001', 'Критичный', '6',  '2026-02-19 09:00:00+03', '2026-02-25 18:00:00+03'),
('e1000000-0000-0000-0002-000000000005', 'PORTAL-5',  'c0000000-0000-0000-0002-000000000000', 'd0000000-0000-0000-0002-000000000001', 'c1000000-0000-0000-0002-000000000011', 'c1000000-0000-0000-0002-000000000006', 'Вёрстка страницы авторизации',                'd0010000-0000-0000-0002-000000000005', 'd0020000-0000-0000-0002-000000000003', 'Высокий',   '4',  '2026-02-20 09:00:00+03', '2026-02-24 18:00:00+03'),
('e1000000-0000-0000-0002-000000000006', 'PORTAL-6',  'c0000000-0000-0000-0002-000000000000', 'd0000000-0000-0000-0002-000000000001', 'c1000000-0000-0000-0002-000000000001', 'c1000000-0000-0000-0002-000000000007', 'Главная страница: лента новостей',            'd0010000-0000-0000-0002-000000000005', 'd0020000-0000-0000-0002-000000000003', 'Высокий',   '6',  '2026-02-24 09:00:00+03', '2026-02-28 18:00:00+03'),
('e1000000-0000-0000-0002-000000000007', 'PORTAL-7',  'c0000000-0000-0000-0002-000000000000', 'd0000000-0000-0000-0002-000000000001', 'c1000000-0000-0000-0002-000000000001', 'c1000000-0000-0000-0002-000000000002', 'CRUD API для новостей',                        'd0010000-0000-0000-0002-000000000005', 'd0020000-0000-0000-0002-000000000003', 'Высокий',   '6',  '2026-02-24 10:00:00+03', '2026-03-03 18:00:00+03'),
('e1000000-0000-0000-0002-000000000008', 'PORTAL-8',  'c0000000-0000-0000-0002-000000000000', 'd0000000-0000-0000-0002-000000000001', 'c1000000-0000-0000-0002-000000000001', 'c1000000-0000-0000-0002-000000000008', 'Тестирование авторизации через LDAP',         'd0010000-0000-0000-0002-000000000005', 'd0020000-0000-0000-0002-000000000003', 'Средний',   '3',  '2026-02-26 09:00:00+03', '2026-02-28 18:00:00+03'),
('e1000000-0000-0000-0002-000000000009', 'PORTAL-9',  'c0000000-0000-0000-0002-000000000000', 'd0000000-0000-0000-0002-000000000001', 'c1000000-0000-0000-0002-000000000011', 'c1000000-0000-0000-0002-000000000003', 'Справочник сотрудников: API',                 'd0010000-0000-0000-0002-000000000005', 'd0020000-0000-0000-0002-000000000003', 'Средний',   '6',  '2026-03-03 09:00:00+03', '2026-03-07 18:00:00+03'),
('e1000000-0000-0000-0002-000000000010', 'PORTAL-10', 'c0000000-0000-0000-0002-000000000000', 'd0000000-0000-0000-0002-000000000001', 'c1000000-0000-0000-0002-000000000001', 'c1000000-0000-0000-0002-000000000005', 'Справочник сотрудников: интерфейс',           'd0010000-0000-0000-0002-000000000005', 'd0020000-0000-0000-0002-000000000003', 'Средний',   '6',  '2026-03-04 09:00:00+03', '2026-03-10 18:00:00+03'),
('e1000000-0000-0000-0002-000000000011', 'PORTAL-11', 'c0000000-0000-0000-0002-000000000000', 'd0000000-0000-0000-0002-000000000001', 'c1000000-0000-0000-0002-000000000001', 'c1000000-0000-0000-0002-000000000006', 'Профиль сотрудника: страница',                'd0010000-0000-0000-0002-000000000005', 'd0020000-0000-0000-0002-000000000003', 'Средний',   '4',  '2026-03-05 09:00:00+03', '2026-03-11 18:00:00+03'),
('e1000000-0000-0000-0002-000000000012', 'PORTAL-12', 'c0000000-0000-0000-0002-000000000000', 'd0000000-0000-0000-0002-000000000001', 'c1000000-0000-0000-0002-000000000001', 'c1000000-0000-0000-0002-000000000012', 'CI/CD pipeline для портала',                  'd0010000-0000-0000-0002-000000000005', 'd0020000-0000-0000-0002-000000000003', 'Высокий',   '4',  '2026-03-03 10:00:00+03', '2026-03-07 18:00:00+03'),
('e1000000-0000-0000-0002-000000000013', 'PORTAL-13', 'c0000000-0000-0000-0002-000000000000', 'd0000000-0000-0000-0002-000000000001', 'c1000000-0000-0000-0002-000000000001', 'c1000000-0000-0000-0002-000000000009', 'Тестирование CRUD новостей',                  'd0010000-0000-0000-0002-000000000005', 'd0020000-0000-0000-0002-000000000003', 'Средний',   '3',  '2026-03-06 09:00:00+03', '2026-03-10 18:00:00+03'),
('e1000000-0000-0000-0002-000000000014', 'PORTAL-14', 'c0000000-0000-0000-0002-000000000000', 'd0000000-0000-0000-0002-000000000001', 'c1000000-0000-0000-0002-000000000011', 'c1000000-0000-0000-0002-000000000004', 'HR-модуль: подача заявлений на отпуск',       'd0010000-0000-0000-0002-000000000005', 'd0020000-0000-0000-0002-000000000002', 'Высокий',   '8',  '2026-03-10 09:00:00+03', '2026-03-17 18:00:00+03'),
('e1000000-0000-0000-0002-000000000015', 'PORTAL-15', 'c0000000-0000-0000-0002-000000000000', 'd0000000-0000-0000-0002-000000000001', 'c1000000-0000-0000-0002-000000000001', 'c1000000-0000-0000-0002-000000000007', 'Форма заявления на отпуск',                   'd0010000-0000-0000-0002-000000000005', 'd0020000-0000-0000-0002-000000000002', 'Высокий',   '6',  '2026-03-11 09:00:00+03', '2026-03-17 18:00:00+03'),
('e1000000-0000-0000-0002-000000000016', 'PORTAL-16', 'c0000000-0000-0000-0002-000000000000', 'd0000000-0000-0000-0002-000000000001', 'c1000000-0000-0000-0002-000000000001', 'c1000000-0000-0000-0002-000000000002', 'HR-модуль: согласование заявлений',           'd0010000-0000-0000-0002-000000000005', 'd0020000-0000-0000-0002-000000000002', 'Высокий',   '6',  '2026-03-12 09:00:00+03', '2026-03-19 18:00:00+03'),
('e1000000-0000-0000-0002-000000000017', 'PORTAL-17', 'c0000000-0000-0000-0002-000000000000', 'd0000000-0000-0000-0002-000000000001', 'c1000000-0000-0000-0002-000000000001', 'c1000000-0000-0000-0002-000000000003', 'База знаний: структура разделов и API',       'd0010000-0000-0000-0002-000000000005', 'd0020000-0000-0000-0002-000000000003', 'Средний',   '6',  '2026-03-17 09:00:00+03', '2026-03-24 18:00:00+03'),
('e1000000-0000-0000-0002-000000000018', 'PORTAL-18', 'c0000000-0000-0000-0002-000000000000', 'd0000000-0000-0000-0002-000000000001', 'c1000000-0000-0000-0002-000000000001', 'c1000000-0000-0000-0002-000000000006', 'База знаний: редактор статей (Markdown)',     'd0010000-0000-0000-0002-000000000005', 'd0020000-0000-0000-0002-000000000003', 'Средний',   '8',  '2026-03-18 09:00:00+03', '2026-03-25 18:00:00+03'),
('e1000000-0000-0000-0002-000000000019', 'PORTAL-19', 'c0000000-0000-0000-0002-000000000000', 'd0000000-0000-0000-0002-000000000001', 'c1000000-0000-0000-0002-000000000011', 'c1000000-0000-0000-0002-000000000005', 'Полнотекстовый поиск по базе знаний',        'd0010000-0000-0000-0002-000000000005', 'd0020000-0000-0000-0002-000000000003', 'Средний',   '6',  '2026-03-19 09:00:00+03', '2026-03-26 18:00:00+03'),
('e1000000-0000-0000-0002-000000000020', 'PORTAL-20', 'c0000000-0000-0000-0002-000000000000', 'd0000000-0000-0000-0002-000000000001', 'c1000000-0000-0000-0002-000000000001', 'c1000000-0000-0000-0002-000000000008', 'Тестирование HR-модуля',                      'd0010000-0000-0000-0002-000000000005', 'd0020000-0000-0000-0002-000000000003', 'Средний',   '4',  '2026-03-20 09:00:00+03', '2026-03-25 18:00:00+03'),
('e1000000-0000-0000-0002-000000000021', 'PORTAL-21', 'c0000000-0000-0000-0002-000000000000', 'd0000000-0000-0000-0002-000000000001', 'c1000000-0000-0000-0002-000000000001', 'c1000000-0000-0000-0002-000000000007', 'Бронирование переговорных: интерфейс',       'd0010000-0000-0000-0002-000000000005', 'd0020000-0000-0000-0002-000000000003', 'Средний',   '6',  '2026-03-24 09:00:00+03', '2026-03-28 18:00:00+03'),
('e1000000-0000-0000-0002-000000000022', 'PORTAL-22', 'c0000000-0000-0000-0002-000000000000', 'd0000000-0000-0000-0002-000000000001', 'c1000000-0000-0000-0002-000000000011', 'c1000000-0000-0000-0002-000000000004', 'API бронирования с проверкой конфликтов',    'd0010000-0000-0000-0002-000000000005', 'd0020000-0000-0000-0002-000000000003', 'Средний',   '6',  '2026-03-24 10:00:00+03', '2026-03-31 18:00:00+03'),
('e1000000-0000-0000-0002-000000000023', 'PORTAL-23', 'c0000000-0000-0000-0002-000000000000', 'd0000000-0000-0000-0002-000000000001', 'c1000000-0000-0000-0002-000000000001', 'c1000000-0000-0000-0002-000000000009', 'Тестирование бронирования переговорных',     'd0010000-0000-0000-0002-000000000005', 'd0020000-0000-0000-0002-000000000003', 'Низкий',    '3',  '2026-03-27 09:00:00+03', '2026-03-31 18:00:00+03'),
('e1000000-0000-0000-0002-000000000024', 'PORTAL-24', 'c0000000-0000-0000-0002-000000000000', 'd0000000-0000-0000-0002-000000000001', 'c1000000-0000-0000-0002-000000000001', 'c1000000-0000-0000-0002-000000000002', 'Уведомления о событиях портала',             'd0010000-0000-0000-0002-000000000005', 'd0020000-0000-0000-0002-000000000003', 'Средний',   '6',  '2026-03-31 09:00:00+03', '2026-04-04 18:00:00+03'),
('e1000000-0000-0000-0002-000000000025', 'PORTAL-25', 'c0000000-0000-0000-0002-000000000000', 'd0000000-0000-0000-0002-000000000001', 'c1000000-0000-0000-0002-000000000001', 'c1000000-0000-0000-0002-000000000006', 'Email-дайджест новостей (еженедельный)',     'd0010000-0000-0000-0002-000000000005', 'd0020000-0000-0000-0002-000000000003', 'Низкий',    '4',  '2026-04-01 09:00:00+03', '2026-04-07 18:00:00+03'),
('e1000000-0000-0000-0002-000000000026', 'PORTAL-26', 'c0000000-0000-0000-0002-000000000000', 'd0000000-0000-0000-0002-000000000001', 'c1000000-0000-0000-0002-000000000001', 'c1000000-0000-0000-0002-000000000003', 'Интеграция с календарём Outlook',            'd0010000-0000-0000-0002-000000000005', 'd0020000-0000-0000-0002-000000000001', 'Высокий',   '8',  '2026-04-02 09:00:00+03', '2026-04-09 18:00:00+03'),
('e1000000-0000-0000-0002-000000000027', 'PORTAL-27', 'c0000000-0000-0000-0002-000000000000', 'd0000000-0000-0000-0002-000000000001', 'c1000000-0000-0000-0002-000000000011', 'c1000000-0000-0000-0002-000000000005', 'Виджеты дашборда: дни рождения, события',   'd0010000-0000-0000-0002-000000000005', 'd0020000-0000-0000-0002-000000000003', 'Средний',   '4',  '2026-04-03 09:00:00+03', '2026-04-08 18:00:00+03'),
('e1000000-0000-0000-0002-000000000028', 'PORTAL-28', 'c0000000-0000-0000-0002-000000000000', 'd0000000-0000-0000-0002-000000000001', 'c1000000-0000-0000-0002-000000000001', 'c1000000-0000-0000-0002-000000000007', 'Адаптивная вёрстка для планшетов',           'd0010000-0000-0000-0002-000000000005', 'd0020000-0000-0000-0002-000000000003', 'Средний',   '6',  '2026-04-07 09:00:00+03', '2026-04-11 18:00:00+03'),
('e1000000-0000-0000-0002-000000000029', 'PORTAL-29', 'c0000000-0000-0000-0002-000000000000', 'd0000000-0000-0000-0002-000000000001', 'c1000000-0000-0000-0002-000000000001', 'c1000000-0000-0000-0002-000000000012', 'Настроить staging-окружение',                'd0010000-0000-0000-0002-000000000005', 'd0020000-0000-0000-0002-000000000003', 'Высокий',   '3',  '2026-04-07 10:00:00+03', '2026-04-09 18:00:00+03'),
('e1000000-0000-0000-0002-000000000030', 'PORTAL-30', 'c0000000-0000-0000-0002-000000000000', 'd0000000-0000-0000-0002-000000000001', 'c1000000-0000-0000-0002-000000000001', 'c1000000-0000-0000-0002-000000000008', 'Тестирование интеграции с Outlook',          'd0010000-0000-0000-0002-000000000005', 'd0020000-0000-0000-0002-000000000003', 'Средний',   '3',  '2026-04-09 09:00:00+03', '2026-04-11 18:00:00+03'),
('e1000000-0000-0000-0002-000000000031', 'PORTAL-31', 'c0000000-0000-0000-0002-000000000000', 'd0000000-0000-0000-0002-000000000001', 'c1000000-0000-0000-0002-000000000001', 'c1000000-0000-0000-0002-000000000002', 'Модуль опросов: API',                         'd0010000-0000-0000-0002-000000000005', 'd0020000-0000-0000-0002-000000000003', 'Средний',   '6',  '2026-04-10 09:00:00+03', '2026-04-17 18:00:00+03'),
('e1000000-0000-0000-0002-000000000032', 'PORTAL-32', 'c0000000-0000-0000-0002-000000000000', 'd0000000-0000-0000-0002-000000000001', 'c1000000-0000-0000-0002-000000000011', 'c1000000-0000-0000-0002-000000000006', 'Модуль опросов: интерфейс',                   'd0010000-0000-0000-0002-000000000005', 'd0020000-0000-0000-0002-000000000003', 'Средний',   '6',  '2026-04-11 09:00:00+03', '2026-04-18 18:00:00+03'),
('e1000000-0000-0000-0002-000000000033', 'PORTAL-33', 'c0000000-0000-0000-0002-000000000000', 'd0000000-0000-0000-0002-000000000001', 'c1000000-0000-0000-0002-000000000001', 'c1000000-0000-0000-0002-000000000004', 'Оптимизация запросов к БД (индексы)',         'd0010000-0000-0000-0002-000000000005', 'd0020000-0000-0000-0002-000000000003', 'Высокий',   '4',  '2026-04-14 09:00:00+03', '2026-04-16 18:00:00+03'),

-- In progress tasks
('e1000000-0000-0000-0002-000000000034', 'PORTAL-34', 'c0000000-0000-0000-0002-000000000000', 'd0000000-0000-0000-0002-000000000001', 'c1000000-0000-0000-0002-000000000001', 'c1000000-0000-0000-0002-000000000002', 'Система ролей и прав в портале',             'd0010000-0000-0000-0002-000000000003', 'd0020000-0000-0000-0002-000000000001', 'Критичный', '8',  '2026-04-21 09:00:00+03', '2026-05-02 18:00:00+03'),
('e1000000-0000-0000-0002-000000000035', 'PORTAL-35', 'c0000000-0000-0000-0002-000000000000', 'd0000000-0000-0000-0002-000000000001', 'c1000000-0000-0000-0002-000000000001', 'c1000000-0000-0000-0002-000000000003', 'API обратной связи (жалобы, предложения)',   'd0010000-0000-0000-0002-000000000003', 'd0020000-0000-0000-0002-000000000003', 'Средний',   '6',  '2026-04-22 09:00:00+03', '2026-05-05 18:00:00+03'),
('e1000000-0000-0000-0002-000000000036', 'PORTAL-36', 'c0000000-0000-0000-0002-000000000000', 'd0000000-0000-0000-0002-000000000001', 'c1000000-0000-0000-0002-000000000011', 'c1000000-0000-0000-0002-000000000005', 'Мобильная адаптация HR-модуля',              'd0010000-0000-0000-0002-000000000003', 'd0020000-0000-0000-0002-000000000003', 'Средний',   '6',  '2026-04-23 09:00:00+03', '2026-05-07 18:00:00+03'),
('e1000000-0000-0000-0002-000000000037', 'PORTAL-37', 'c0000000-0000-0000-0002-000000000000', 'd0000000-0000-0000-0002-000000000001', 'c1000000-0000-0000-0002-000000000001', 'c1000000-0000-0000-0002-000000000006', 'Личный кабинет: настройки профиля',          'd0010000-0000-0000-0002-000000000003', 'd0020000-0000-0000-0002-000000000003', 'Средний',   '4',  '2026-04-24 09:00:00+03', '2026-05-05 18:00:00+03'),
('e1000000-0000-0000-0002-000000000038', 'PORTAL-38', 'c0000000-0000-0000-0002-000000000000', 'd0000000-0000-0000-0002-000000000001', 'c1000000-0000-0000-0002-000000000001', 'c1000000-0000-0000-0002-000000000007', 'Форма обратной связи на фронте',             'd0010000-0000-0000-0002-000000000003', 'd0020000-0000-0000-0002-000000000003', 'Средний',   '4',  '2026-04-28 09:00:00+03', '2026-05-07 18:00:00+03'),
('e1000000-0000-0000-0002-000000000039', 'PORTAL-39', 'c0000000-0000-0000-0002-000000000000', 'd0000000-0000-0000-0002-000000000001', 'c1000000-0000-0000-0002-000000000001', 'c1000000-0000-0000-0002-000000000012', 'Мониторинг ошибок (Sentry)',                 'd0010000-0000-0000-0002-000000000003', 'd0020000-0000-0000-0002-000000000003', 'Высокий',   '3',  '2026-04-28 10:00:00+03', '2026-05-02 18:00:00+03'),

-- On review tasks
('e1000000-0000-0000-0002-000000000040', 'PORTAL-40', 'c0000000-0000-0000-0002-000000000000', 'd0000000-0000-0000-0002-000000000001', 'c1000000-0000-0000-0002-000000000001', 'c1000000-0000-0000-0002-000000000004', 'Кэширование списка сотрудников в Redis',    'd0010000-0000-0000-0002-000000000004', 'd0020000-0000-0000-0002-000000000003', 'Средний',   '4',  '2026-04-29 09:00:00+03', '2026-05-06 18:00:00+03'),
('e1000000-0000-0000-0002-000000000041', 'PORTAL-41', 'c0000000-0000-0000-0002-000000000000', 'd0000000-0000-0000-0002-000000000001', 'c1000000-0000-0000-0002-000000000011', 'c1000000-0000-0000-0002-000000000005', 'Интеграция с 1С: выгрузка табеля',           'd0010000-0000-0000-0002-000000000004', 'd0020000-0000-0000-0002-000000000001', 'Высокий',   '8',  '2026-04-30 09:00:00+03', '2026-05-09 18:00:00+03'),
('e1000000-0000-0000-0002-000000000042', 'PORTAL-42', 'c0000000-0000-0000-0002-000000000000', 'd0000000-0000-0000-0002-000000000001', 'c1000000-0000-0000-0002-000000000001', 'c1000000-0000-0000-0002-000000000009', 'Тестирование модуля опросов',                'd0010000-0000-0000-0002-000000000004', 'd0020000-0000-0000-0002-000000000003', 'Средний',   '3',  '2026-05-02 09:00:00+03', '2026-05-08 18:00:00+03'),
('e1000000-0000-0000-0002-000000000043', 'PORTAL-43', 'c0000000-0000-0000-0002-000000000000', 'd0000000-0000-0000-0002-000000000001', 'c1000000-0000-0000-0002-000000000001', 'c1000000-0000-0000-0002-000000000007', 'Accessibility: ARIA-атрибуты',               'd0010000-0000-0000-0002-000000000004', 'd0020000-0000-0000-0002-000000000003', 'Низкий',    '4',  '2026-05-05 09:00:00+03', '2026-05-12 18:00:00+03'),

-- Backlog/new tasks
('e1000000-0000-0000-0002-000000000044', 'PORTAL-44', 'c0000000-0000-0000-0002-000000000000', 'd0000000-0000-0000-0002-000000000001', 'c1000000-0000-0000-0002-000000000011', NULL, 'Гамификация: система достижений',            'd0010000-0000-0000-0002-000000000001', 'd0020000-0000-0000-0002-000000000004', 'Низкий',    '8',  '2026-04-15 09:00:00+03', NULL),
('e1000000-0000-0000-0002-000000000045', 'PORTAL-45', 'c0000000-0000-0000-0002-000000000000', 'd0000000-0000-0000-0002-000000000001', 'c1000000-0000-0000-0002-000000000011', NULL, 'Интеграция с корпоративным мессенджером',    'd0010000-0000-0000-0002-000000000001', 'd0020000-0000-0000-0002-000000000003', 'Средний',   '8',  '2026-04-18 09:00:00+03', NULL),
('e1000000-0000-0000-0002-000000000046', 'PORTAL-46', 'c0000000-0000-0000-0002-000000000000', 'd0000000-0000-0000-0002-000000000001', 'c1000000-0000-0000-0002-000000000011', NULL, 'Мобильное PWA-приложение',                   'd0010000-0000-0000-0002-000000000001', 'd0020000-0000-0000-0002-000000000003', 'Средний',   '12', '2026-04-20 09:00:00+03', NULL),
('e1000000-0000-0000-0002-000000000047', 'PORTAL-47', 'c0000000-0000-0000-0002-000000000000', 'd0000000-0000-0000-0002-000000000001', 'c1000000-0000-0000-0002-000000000011', NULL, 'Дашборд руководителя: метрики команды',      'd0010000-0000-0000-0002-000000000002', 'd0020000-0000-0000-0002-000000000002', 'Высокий',   '8',  '2026-05-05 09:00:00+03', '2026-05-15 18:00:00+03'),
('e1000000-0000-0000-0002-000000000048', 'PORTAL-48', 'c0000000-0000-0000-0002-000000000000', 'd0000000-0000-0000-0002-000000000001', 'c1000000-0000-0000-0002-000000000011', NULL, 'SSO через SAML 2.0',                         'd0010000-0000-0000-0002-000000000002', 'd0020000-0000-0000-0002-000000000001', 'Высокий',   '8',  '2026-05-06 09:00:00+03', '2026-05-16 18:00:00+03'),
('e1000000-0000-0000-0002-000000000049', 'PORTAL-49', 'c0000000-0000-0000-0002-000000000000', 'd0000000-0000-0000-0002-000000000001', 'c1000000-0000-0000-0002-000000000001', NULL, 'Аудит-лог действий пользователей',           'd0010000-0000-0000-0002-000000000001', 'd0020000-0000-0000-0002-000000000001', 'Средний',   '6',  '2026-05-07 09:00:00+03', NULL),
('e1000000-0000-0000-0002-000000000050', 'PORTAL-50', 'c0000000-0000-0000-0002-000000000000', 'd0000000-0000-0000-0002-000000000001', 'c1000000-0000-0000-0002-000000000011', NULL, 'Локализация портала на английский',          'd0010000-0000-0000-0002-000000000001', 'd0020000-0000-0000-0002-000000000004', 'Низкий',    '12', '2026-05-08 09:00:00+03', NULL);

-- ======================== PORTAL Board 2 (Дизайн и контент) — 15 задач ========================

INSERT INTO tasks (id, key, project_id, board_id, owner_id, executor_id, name, column_id, priority, estimation, created_at, deadline) VALUES
('e1000000-0000-0000-0002-000000000051', 'PORTAL-51', 'c0000000-0000-0000-0002-000000000000', 'd0000000-0000-0000-0002-000000000002', 'c1000000-0000-0000-0002-000000000001', 'c1000000-0000-0000-0002-000000000010', 'Дизайн-система: токены, цвета, типографика',  'd0010000-0000-0000-0002-000000000014', 'Критичный', '8',  '2026-02-17 09:00:00+03', '2026-02-25 18:00:00+03'),
('e1000000-0000-0000-0002-000000000052', 'PORTAL-52', 'c0000000-0000-0000-0002-000000000000', 'd0000000-0000-0000-0002-000000000002', 'c1000000-0000-0000-0002-000000000001', 'c1000000-0000-0000-0002-000000000010', 'Макеты главной страницы',                     'd0010000-0000-0000-0002-000000000014', 'Высокий',   '6',  '2026-02-24 09:00:00+03', '2026-02-28 18:00:00+03'),
('e1000000-0000-0000-0002-000000000053', 'PORTAL-53', 'c0000000-0000-0000-0002-000000000000', 'd0000000-0000-0000-0002-000000000002', 'c1000000-0000-0000-0002-000000000001', 'c1000000-0000-0000-0002-000000000010', 'Макеты HR-модуля',                            'd0010000-0000-0000-0002-000000000014', 'Высокий',   '6',  '2026-03-05 09:00:00+03', '2026-03-12 18:00:00+03'),
('e1000000-0000-0000-0002-000000000054', 'PORTAL-54', 'c0000000-0000-0000-0002-000000000000', 'd0000000-0000-0000-0002-000000000002', 'c1000000-0000-0000-0002-000000000001', 'c1000000-0000-0000-0002-000000000010', 'Макеты базы знаний',                          'd0010000-0000-0000-0002-000000000014', 'Средний',   '4',  '2026-03-12 09:00:00+03', '2026-03-17 18:00:00+03'),
('e1000000-0000-0000-0002-000000000055', 'PORTAL-55', 'c0000000-0000-0000-0002-000000000000', 'd0000000-0000-0000-0002-000000000002', 'c1000000-0000-0000-0002-000000000001', 'c1000000-0000-0000-0002-000000000010', 'Иконки и иллюстрации для портала',            'd0010000-0000-0000-0002-000000000014', 'Средний',   '6',  '2026-03-19 09:00:00+03', '2026-03-26 18:00:00+03'),
('e1000000-0000-0000-0002-000000000056', 'PORTAL-56', 'c0000000-0000-0000-0002-000000000000', 'd0000000-0000-0000-0002-000000000002', 'c1000000-0000-0000-0002-000000000001', 'c1000000-0000-0000-0002-000000000010', 'Макеты модуля бронирования',                  'd0010000-0000-0000-0002-000000000014', 'Средний',   '4',  '2026-03-24 09:00:00+03', '2026-03-28 18:00:00+03'),
('e1000000-0000-0000-0002-000000000057', 'PORTAL-57', 'c0000000-0000-0000-0002-000000000000', 'd0000000-0000-0000-0002-000000000002', 'c1000000-0000-0000-0002-000000000001', 'c1000000-0000-0000-0002-000000000010', 'Макеты модуля опросов',                       'd0010000-0000-0000-0002-000000000014', 'Средний',   '4',  '2026-04-07 09:00:00+03', '2026-04-11 18:00:00+03'),
('e1000000-0000-0000-0002-000000000058', 'PORTAL-58', 'c0000000-0000-0000-0002-000000000000', 'd0000000-0000-0000-0002-000000000002', 'c1000000-0000-0000-0002-000000000011', 'c1000000-0000-0000-0002-000000000011', 'Контент: тексты для раздела «О компании»',    'd0010000-0000-0000-0002-000000000014', 'Средний',   '3',  '2026-03-10 09:00:00+03', '2026-03-14 18:00:00+03'),
('e1000000-0000-0000-0002-000000000059', 'PORTAL-59', 'c0000000-0000-0000-0002-000000000000', 'd0000000-0000-0000-0002-000000000002', 'c1000000-0000-0000-0002-000000000011', 'c1000000-0000-0000-0002-000000000011', 'Контент: FAQ для базы знаний',                 'd0010000-0000-0000-0002-000000000014', 'Низкий',    '4',  '2026-03-20 09:00:00+03', '2026-03-28 18:00:00+03'),
('e1000000-0000-0000-0002-000000000060', 'PORTAL-60', 'c0000000-0000-0000-0002-000000000000', 'd0000000-0000-0000-0002-000000000002', 'c1000000-0000-0000-0002-000000000001', 'c1000000-0000-0000-0002-000000000010', 'Макеты личного кабинета',                     'd0010000-0000-0000-0002-000000000013', 'Средний',   '4',  '2026-04-21 09:00:00+03', '2026-04-28 18:00:00+03'),
('e1000000-0000-0000-0002-000000000061', 'PORTAL-61', 'c0000000-0000-0000-0002-000000000000', 'd0000000-0000-0000-0002-000000000002', 'c1000000-0000-0000-0002-000000000001', 'c1000000-0000-0000-0002-000000000010', 'Макеты дашборда руководителя',                'd0010000-0000-0000-0002-000000000012', 'Высокий',   '6',  '2026-04-28 09:00:00+03', '2026-05-07 18:00:00+03'),
('e1000000-0000-0000-0002-000000000062', 'PORTAL-62', 'c0000000-0000-0000-0002-000000000000', 'd0000000-0000-0000-0002-000000000002', 'c1000000-0000-0000-0002-000000000011', 'c1000000-0000-0000-0002-000000000011', 'Контент: регламенты и политики компании',     'd0010000-0000-0000-0002-000000000012', 'Средний',   '6',  '2026-05-02 09:00:00+03', '2026-05-12 18:00:00+03'),
('e1000000-0000-0000-0002-000000000063', 'PORTAL-63', 'c0000000-0000-0000-0002-000000000000', 'd0000000-0000-0000-0002-000000000002', 'c1000000-0000-0000-0002-000000000001', NULL, 'Дизайн мобильного PWA',                       'd0010000-0000-0000-0002-000000000011', 'Средний',   '8',  '2026-05-05 09:00:00+03', NULL),
('e1000000-0000-0000-0002-000000000064', 'PORTAL-64', 'c0000000-0000-0000-0002-000000000000', 'd0000000-0000-0000-0002-000000000002', 'c1000000-0000-0000-0002-000000000011', NULL, 'Редизайн экрана авторизации (v2)',             'd0010000-0000-0000-0002-000000000011', 'Низкий',    '4',  '2026-05-07 09:00:00+03', NULL),
('e1000000-0000-0000-0002-000000000065', 'PORTAL-65', 'c0000000-0000-0000-0002-000000000000', 'd0000000-0000-0000-0002-000000000002', 'c1000000-0000-0000-0002-000000000011', NULL, 'Видео-туториал для сотрудников',               'd0010000-0000-0000-0002-000000000011', 'Низкий',    '6',  '2026-05-08 09:00:00+03', NULL);

-- ╔═══════════════════════════════════════════════════════════════════════════╗
-- ║              ЧАСТЬ 7: SPRINT_TASKS, BACKLOG, ИСТОРИЯ СТАТУСОВ            ║
-- ╚═══════════════════════════════════════════════════════════════════════════╝

-- Sprint tasks (MOBAPP)
INSERT INTO sprint_tasks (sprint_id, task_id, sort_order) VALUES
    ('f0000000-0000-0000-0001-000000000001', 'e1000000-0000-0000-0001-000000000001', 1),
    ('f0000000-0000-0000-0001-000000000001', 'e1000000-0000-0000-0001-000000000002', 2),
    ('f0000000-0000-0000-0001-000000000001', 'e1000000-0000-0000-0001-000000000003', 3),
    ('f0000000-0000-0000-0001-000000000001', 'e1000000-0000-0000-0001-000000000004', 4),
    ('f0000000-0000-0000-0001-000000000001', 'e1000000-0000-0000-0001-000000000005', 5),
    ('f0000000-0000-0000-0001-000000000001', 'e1000000-0000-0000-0001-000000000006', 6),
    ('f0000000-0000-0000-0001-000000000001', 'e1000000-0000-0000-0001-000000000007', 7),
    ('f0000000-0000-0000-0001-000000000001', 'e1000000-0000-0000-0001-000000000008', 8),
    ('f0000000-0000-0000-0001-000000000001', 'e1000000-0000-0000-0001-000000000009', 9),
    ('f0000000-0000-0000-0001-000000000001', 'e1000000-0000-0000-0001-000000000010', 10),
    ('f0000000-0000-0000-0001-000000000002', 'e1000000-0000-0000-0001-000000000011', 1),
    ('f0000000-0000-0000-0001-000000000002', 'e1000000-0000-0000-0001-000000000012', 2),
    ('f0000000-0000-0000-0001-000000000002', 'e1000000-0000-0000-0001-000000000013', 3),
    ('f0000000-0000-0000-0001-000000000002', 'e1000000-0000-0000-0001-000000000014', 4),
    ('f0000000-0000-0000-0001-000000000002', 'e1000000-0000-0000-0001-000000000015', 5),
    ('f0000000-0000-0000-0001-000000000002', 'e1000000-0000-0000-0001-000000000016', 6),
    ('f0000000-0000-0000-0001-000000000002', 'e1000000-0000-0000-0001-000000000017', 7),
    ('f0000000-0000-0000-0001-000000000002', 'e1000000-0000-0000-0001-000000000018', 8),
    ('f0000000-0000-0000-0001-000000000002', 'e1000000-0000-0000-0001-000000000019', 9),
    ('f0000000-0000-0000-0001-000000000002', 'e1000000-0000-0000-0001-000000000020', 10),
    ('f0000000-0000-0000-0001-000000000003', 'e1000000-0000-0000-0001-000000000021', 1),
    ('f0000000-0000-0000-0001-000000000003', 'e1000000-0000-0000-0001-000000000022', 2),
    ('f0000000-0000-0000-0001-000000000003', 'e1000000-0000-0000-0001-000000000023', 3),
    ('f0000000-0000-0000-0001-000000000003', 'e1000000-0000-0000-0001-000000000024', 4),
    ('f0000000-0000-0000-0001-000000000003', 'e1000000-0000-0000-0001-000000000025', 5),
    ('f0000000-0000-0000-0001-000000000003', 'e1000000-0000-0000-0001-000000000026', 6),
    ('f0000000-0000-0000-0001-000000000003', 'e1000000-0000-0000-0001-000000000027', 7),
    ('f0000000-0000-0000-0001-000000000003', 'e1000000-0000-0000-0001-000000000028', 8),
    ('f0000000-0000-0000-0001-000000000003', 'e1000000-0000-0000-0001-000000000029', 9),
    ('f0000000-0000-0000-0001-000000000003', 'e1000000-0000-0000-0001-000000000030', 10),
    ('f0000000-0000-0000-0001-000000000004', 'e1000000-0000-0000-0001-000000000031', 1),
    ('f0000000-0000-0000-0001-000000000004', 'e1000000-0000-0000-0001-000000000032', 2),
    ('f0000000-0000-0000-0001-000000000004', 'e1000000-0000-0000-0001-000000000033', 3),
    ('f0000000-0000-0000-0001-000000000004', 'e1000000-0000-0000-0001-000000000034', 4),
    ('f0000000-0000-0000-0001-000000000004', 'e1000000-0000-0000-0001-000000000035', 5),
    ('f0000000-0000-0000-0001-000000000004', 'e1000000-0000-0000-0001-000000000036', 6),
    ('f0000000-0000-0000-0001-000000000004', 'e1000000-0000-0000-0001-000000000037', 7),
    ('f0000000-0000-0000-0001-000000000004', 'e1000000-0000-0000-0001-000000000038', 8),
    ('f0000000-0000-0000-0001-000000000004', 'e1000000-0000-0000-0001-000000000039', 9),
    ('f0000000-0000-0000-0001-000000000004', 'e1000000-0000-0000-0001-000000000040', 10),
    ('f0000000-0000-0000-0001-000000000005', 'e1000000-0000-0000-0001-000000000041', 1),
    ('f0000000-0000-0000-0001-000000000005', 'e1000000-0000-0000-0001-000000000042', 2),
    ('f0000000-0000-0000-0001-000000000005', 'e1000000-0000-0000-0001-000000000043', 3),
    ('f0000000-0000-0000-0001-000000000005', 'e1000000-0000-0000-0001-000000000044', 4),
    ('f0000000-0000-0000-0001-000000000005', 'e1000000-0000-0000-0001-000000000045', 5),
    ('f0000000-0000-0000-0001-000000000005', 'e1000000-0000-0000-0001-000000000046', 6),
    ('f0000000-0000-0000-0001-000000000005', 'e1000000-0000-0000-0001-000000000047', 7),
    ('f0000000-0000-0000-0001-000000000005', 'e1000000-0000-0000-0001-000000000048', 8),
    ('f0000000-0000-0000-0001-000000000005', 'e1000000-0000-0000-0001-000000000049', 9),
    ('f0000000-0000-0000-0001-000000000005', 'e1000000-0000-0000-0001-000000000050', 10),
    ('f0000000-0000-0000-0001-000000000006', 'e1000000-0000-0000-0001-000000000051', 1),
    ('f0000000-0000-0000-0001-000000000006', 'e1000000-0000-0000-0001-000000000052', 2),
    ('f0000000-0000-0000-0001-000000000006', 'e1000000-0000-0000-0001-000000000053', 3),
    ('f0000000-0000-0000-0001-000000000006', 'e1000000-0000-0000-0001-000000000054', 4),
    ('f0000000-0000-0000-0001-000000000006', 'e1000000-0000-0000-0001-000000000055', 5),
    ('f0000000-0000-0000-0001-000000000006', 'e1000000-0000-0000-0001-000000000056', 6),
    ('f0000000-0000-0000-0001-000000000006', 'e1000000-0000-0000-0001-000000000057', 7),
    ('f0000000-0000-0000-0001-000000000006', 'e1000000-0000-0000-0001-000000000058', 8),
    ('f0000000-0000-0000-0001-000000000006', 'e1000000-0000-0000-0001-000000000059', 9),
    ('f0000000-0000-0000-0001-000000000006', 'e1000000-0000-0000-0001-000000000060', 10);

-- Backlog (MOBAPP tasks not in sprints)
INSERT INTO backlog (project_id, task_id, sort_order) VALUES
    ('c0000000-0000-0000-0001-000000000000', 'e1000000-0000-0000-0001-000000000061', 1),
    ('c0000000-0000-0000-0001-000000000000', 'e1000000-0000-0000-0001-000000000062', 2),
    ('c0000000-0000-0000-0001-000000000000', 'e1000000-0000-0000-0001-000000000063', 3),
    ('c0000000-0000-0000-0001-000000000000', 'e1000000-0000-0000-0001-000000000064', 4),
    ('c0000000-0000-0000-0001-000000000000', 'e1000000-0000-0000-0001-000000000065', 5);

-- ======================== Task status history (MOBAPP Board 1) ========================
-- Используем хэш от id задачи для разнообразия длительностей переходов.
-- Формула: время в колонке = base_hours + (hash % variation_hours)
-- Все задачи проходят ВСЕ колонки по порядку: Бэклог спринта → В работе → На проверке → Выполнено

-- MOBAPP COMPLETED tasks (column_id = d0010000-0000-0000-0001-000000000004)
-- Этап 1: Бэклог спринта (от 2 до 18 часов)
INSERT INTO task_status_history (id, task_id, column_id, entered_at, left_at)
SELECT
    gen_random_uuid(),
    t.id,
    'd0010000-0000-0000-0001-000000000001',
    t.created_at,
    t.created_at + make_interval(hours => 2 + (abs(hashtext(t.id::text)) % 16))
FROM tasks t
WHERE t.project_id = 'c0000000-0000-0000-0001-000000000000'
  AND t.board_id = 'd0000000-0000-0000-0001-000000000001'
  AND t.column_id = 'd0010000-0000-0000-0001-000000000004';

-- Этап 2: В работе (от 1 до 7 дней — основная работа)
INSERT INTO task_status_history (id, task_id, column_id, entered_at, left_at)
SELECT
    gen_random_uuid(),
    t.id,
    'd0010000-0000-0000-0001-000000000002',
    t.created_at + make_interval(hours => 2 + (abs(hashtext(t.id::text)) % 16)),
    t.created_at + make_interval(hours => 2 + (abs(hashtext(t.id::text)) % 16))
                 + make_interval(hours => 24 + (abs(hashtext(t.id::text || 'work')) % 144))
FROM tasks t
WHERE t.project_id = 'c0000000-0000-0000-0001-000000000000'
  AND t.board_id = 'd0000000-0000-0000-0001-000000000001'
  AND t.column_id = 'd0010000-0000-0000-0001-000000000004';

-- Этап 3: На проверке (от 4 до 48 часов)
INSERT INTO task_status_history (id, task_id, column_id, entered_at, left_at)
SELECT
    gen_random_uuid(),
    t.id,
    'd0010000-0000-0000-0001-000000000003',
    t.created_at + make_interval(hours => 2 + (abs(hashtext(t.id::text)) % 16))
                 + make_interval(hours => 24 + (abs(hashtext(t.id::text || 'work')) % 144)),
    t.created_at + make_interval(hours => 2 + (abs(hashtext(t.id::text)) % 16))
                 + make_interval(hours => 24 + (abs(hashtext(t.id::text || 'work')) % 144))
                 + make_interval(hours => 4 + (abs(hashtext(t.id::text || 'review')) % 44))
FROM tasks t
WHERE t.project_id = 'c0000000-0000-0000-0001-000000000000'
  AND t.board_id = 'd0000000-0000-0000-0001-000000000001'
  AND t.column_id = 'd0010000-0000-0000-0001-000000000004';

-- Этап 4: Выполнено (entered_at, left_at = NULL — текущая колонка)
INSERT INTO task_status_history (id, task_id, column_id, entered_at, left_at)
SELECT
    gen_random_uuid(),
    t.id,
    'd0010000-0000-0000-0001-000000000004',
    t.created_at + make_interval(hours => 2 + (abs(hashtext(t.id::text)) % 16))
                 + make_interval(hours => 24 + (abs(hashtext(t.id::text || 'work')) % 144))
                 + make_interval(hours => 4 + (abs(hashtext(t.id::text || 'review')) % 44)),
    NULL
FROM tasks t
WHERE t.project_id = 'c0000000-0000-0000-0001-000000000000'
  AND t.board_id = 'd0000000-0000-0000-0001-000000000001'
  AND t.column_id = 'd0010000-0000-0000-0001-000000000004';

-- MOBAPP IN_PROGRESS tasks (column_id = d0010000-0000-0000-0001-000000000002)
-- Прошли: Бэклог спринта → В работе (сейчас здесь)
INSERT INTO task_status_history (id, task_id, column_id, entered_at, left_at)
SELECT
    gen_random_uuid(),
    t.id,
    'd0010000-0000-0000-0001-000000000001',
    t.created_at,
    t.created_at + make_interval(hours => 3 + (abs(hashtext(t.id::text)) % 12))
FROM tasks t
WHERE t.project_id = 'c0000000-0000-0000-0001-000000000000'
  AND t.board_id = 'd0000000-0000-0000-0001-000000000001'
  AND t.column_id = 'd0010000-0000-0000-0001-000000000002';

INSERT INTO task_status_history (id, task_id, column_id, entered_at, left_at)
SELECT
    gen_random_uuid(),
    t.id,
    'd0010000-0000-0000-0001-000000000002',
    t.created_at + make_interval(hours => 3 + (abs(hashtext(t.id::text)) % 12)),
    NULL
FROM tasks t
WHERE t.project_id = 'c0000000-0000-0000-0001-000000000000'
  AND t.board_id = 'd0000000-0000-0000-0001-000000000001'
  AND t.column_id = 'd0010000-0000-0000-0001-000000000002';

-- MOBAPP ON_REVIEW tasks (column_id = d0010000-0000-0000-0001-000000000003)
-- Прошли: Бэклог спринта → В работе → На проверке (сейчас здесь)
INSERT INTO task_status_history (id, task_id, column_id, entered_at, left_at)
SELECT
    gen_random_uuid(),
    t.id,
    'd0010000-0000-0000-0001-000000000001',
    t.created_at,
    t.created_at + make_interval(hours => 2 + (abs(hashtext(t.id::text)) % 10))
FROM tasks t
WHERE t.project_id = 'c0000000-0000-0000-0001-000000000000'
  AND t.board_id = 'd0000000-0000-0000-0001-000000000001'
  AND t.column_id = 'd0010000-0000-0000-0001-000000000003';

INSERT INTO task_status_history (id, task_id, column_id, entered_at, left_at)
SELECT
    gen_random_uuid(),
    t.id,
    'd0010000-0000-0000-0001-000000000002',
    t.created_at + make_interval(hours => 2 + (abs(hashtext(t.id::text)) % 10)),
    t.created_at + make_interval(hours => 2 + (abs(hashtext(t.id::text)) % 10))
                 + make_interval(hours => 20 + (abs(hashtext(t.id::text || 'dev')) % 96))
FROM tasks t
WHERE t.project_id = 'c0000000-0000-0000-0001-000000000000'
  AND t.board_id = 'd0000000-0000-0000-0001-000000000001'
  AND t.column_id = 'd0010000-0000-0000-0001-000000000003';

INSERT INTO task_status_history (id, task_id, column_id, entered_at, left_at)
SELECT
    gen_random_uuid(),
    t.id,
    'd0010000-0000-0000-0001-000000000003',
    t.created_at + make_interval(hours => 2 + (abs(hashtext(t.id::text)) % 10))
                 + make_interval(hours => 20 + (abs(hashtext(t.id::text || 'dev')) % 96)),
    NULL
FROM tasks t
WHERE t.project_id = 'c0000000-0000-0000-0001-000000000000'
  AND t.board_id = 'd0000000-0000-0000-0001-000000000001'
  AND t.column_id = 'd0010000-0000-0000-0001-000000000003';

-- MOBAPP Bug-tracker completed tasks (board 2)
-- Колонки: Новые → В работе → Тестирование → Закрыто
INSERT INTO task_status_history (id, task_id, column_id, entered_at, left_at)
SELECT gen_random_uuid(), t.id, 'd0010000-0000-0000-0001-000000000011',
    t.created_at,
    t.created_at + make_interval(hours => 1 + (abs(hashtext(t.id::text)) % 8))
FROM tasks t
WHERE t.board_id = 'd0000000-0000-0000-0001-000000000002'
  AND t.column_id = 'd0010000-0000-0000-0001-000000000014';

INSERT INTO task_status_history (id, task_id, column_id, entered_at, left_at)
SELECT gen_random_uuid(), t.id, 'd0010000-0000-0000-0001-000000000012',
    t.created_at + make_interval(hours => 1 + (abs(hashtext(t.id::text)) % 8)),
    t.created_at + make_interval(hours => 1 + (abs(hashtext(t.id::text)) % 8))
                 + make_interval(hours => 4 + (abs(hashtext(t.id::text || 'fix')) % 48))
FROM tasks t
WHERE t.board_id = 'd0000000-0000-0000-0001-000000000002'
  AND t.column_id = 'd0010000-0000-0000-0001-000000000014';

INSERT INTO task_status_history (id, task_id, column_id, entered_at, left_at)
SELECT gen_random_uuid(), t.id, 'd0010000-0000-0000-0001-000000000013',
    t.created_at + make_interval(hours => 1 + (abs(hashtext(t.id::text)) % 8))
                 + make_interval(hours => 4 + (abs(hashtext(t.id::text || 'fix')) % 48)),
    t.created_at + make_interval(hours => 1 + (abs(hashtext(t.id::text)) % 8))
                 + make_interval(hours => 4 + (abs(hashtext(t.id::text || 'fix')) % 48))
                 + make_interval(hours => 2 + (abs(hashtext(t.id::text || 'test')) % 24))
FROM tasks t
WHERE t.board_id = 'd0000000-0000-0000-0001-000000000002'
  AND t.column_id = 'd0010000-0000-0000-0001-000000000014';

INSERT INTO task_status_history (id, task_id, column_id, entered_at, left_at)
SELECT gen_random_uuid(), t.id, 'd0010000-0000-0000-0001-000000000014',
    t.created_at + make_interval(hours => 1 + (abs(hashtext(t.id::text)) % 8))
                 + make_interval(hours => 4 + (abs(hashtext(t.id::text || 'fix')) % 48))
                 + make_interval(hours => 2 + (abs(hashtext(t.id::text || 'test')) % 24)),
    NULL
FROM tasks t
WHERE t.board_id = 'd0000000-0000-0000-0001-000000000002'
  AND t.column_id = 'd0010000-0000-0000-0001-000000000014';

-- Bug-tracker: tasks in Тестирование (прошли Новые → В работе → Тестирование)
INSERT INTO task_status_history (id, task_id, column_id, entered_at, left_at)
SELECT gen_random_uuid(), t.id, 'd0010000-0000-0000-0001-000000000011',
    t.created_at,
    t.created_at + make_interval(hours => 1 + (abs(hashtext(t.id::text)) % 6))
FROM tasks t
WHERE t.board_id = 'd0000000-0000-0000-0001-000000000002'
  AND t.column_id = 'd0010000-0000-0000-0001-000000000013';

INSERT INTO task_status_history (id, task_id, column_id, entered_at, left_at)
SELECT gen_random_uuid(), t.id, 'd0010000-0000-0000-0001-000000000012',
    t.created_at + make_interval(hours => 1 + (abs(hashtext(t.id::text)) % 6)),
    t.created_at + make_interval(hours => 1 + (abs(hashtext(t.id::text)) % 6))
                 + make_interval(hours => 8 + (abs(hashtext(t.id::text || 'fix2')) % 36))
FROM tasks t
WHERE t.board_id = 'd0000000-0000-0000-0001-000000000002'
  AND t.column_id = 'd0010000-0000-0000-0001-000000000013';

INSERT INTO task_status_history (id, task_id, column_id, entered_at, left_at)
SELECT gen_random_uuid(), t.id, 'd0010000-0000-0000-0001-000000000013',
    t.created_at + make_interval(hours => 1 + (abs(hashtext(t.id::text)) % 6))
                 + make_interval(hours => 8 + (abs(hashtext(t.id::text || 'fix2')) % 36)),
    NULL
FROM tasks t
WHERE t.board_id = 'd0000000-0000-0000-0001-000000000002'
  AND t.column_id = 'd0010000-0000-0000-0001-000000000013';

-- Bug-tracker: tasks in В работе (прошли Новые → В работе)
INSERT INTO task_status_history (id, task_id, column_id, entered_at, left_at)
SELECT gen_random_uuid(), t.id, 'd0010000-0000-0000-0001-000000000011',
    t.created_at,
    t.created_at + make_interval(hours => 1 + (abs(hashtext(t.id::text)) % 4))
FROM tasks t
WHERE t.board_id = 'd0000000-0000-0000-0001-000000000002'
  AND t.column_id = 'd0010000-0000-0000-0001-000000000012';

INSERT INTO task_status_history (id, task_id, column_id, entered_at, left_at)
SELECT gen_random_uuid(), t.id, 'd0010000-0000-0000-0001-000000000012',
    t.created_at + make_interval(hours => 1 + (abs(hashtext(t.id::text)) % 4)),
    NULL
FROM tasks t
WHERE t.board_id = 'd0000000-0000-0000-0001-000000000002'
  AND t.column_id = 'd0010000-0000-0000-0001-000000000012';

-- ======================== Task status history (PORTAL Board 1) ========================
-- Колонки: Надо сделать → Готово к работе → В работе → На проверке → Выполнено
-- 5 колонок — все должны быть пройдены

-- PORTAL COMPLETED tasks (column_id = d0010000-0000-0000-0002-000000000005)
-- Этап 1: Надо сделать (от 4 до 36 часов)
INSERT INTO task_status_history (id, task_id, column_id, entered_at, left_at)
SELECT gen_random_uuid(), t.id, 'd0010000-0000-0000-0002-000000000001',
    t.created_at,
    t.created_at + make_interval(hours => 4 + (abs(hashtext(t.id::text)) % 32))
FROM tasks t
WHERE t.project_id = 'c0000000-0000-0000-0002-000000000000'
  AND t.board_id = 'd0000000-0000-0000-0002-000000000001'
  AND t.column_id = 'd0010000-0000-0000-0002-000000000005';

-- Этап 2: Готово к работе (от 2 до 24 часов)
INSERT INTO task_status_history (id, task_id, column_id, entered_at, left_at)
SELECT gen_random_uuid(), t.id, 'd0010000-0000-0000-0002-000000000002',
    t.created_at + make_interval(hours => 4 + (abs(hashtext(t.id::text)) % 32)),
    t.created_at + make_interval(hours => 4 + (abs(hashtext(t.id::text)) % 32))
                 + make_interval(hours => 2 + (abs(hashtext(t.id::text || 'ready')) % 22))
FROM tasks t
WHERE t.project_id = 'c0000000-0000-0000-0002-000000000000'
  AND t.board_id = 'd0000000-0000-0000-0002-000000000001'
  AND t.column_id = 'd0010000-0000-0000-0002-000000000005';

-- Этап 3: В работе (от 1 до 6 дней — основная разработка)
INSERT INTO task_status_history (id, task_id, column_id, entered_at, left_at)
SELECT gen_random_uuid(), t.id, 'd0010000-0000-0000-0002-000000000003',
    t.created_at + make_interval(hours => 4 + (abs(hashtext(t.id::text)) % 32))
                 + make_interval(hours => 2 + (abs(hashtext(t.id::text || 'ready')) % 22)),
    t.created_at + make_interval(hours => 4 + (abs(hashtext(t.id::text)) % 32))
                 + make_interval(hours => 2 + (abs(hashtext(t.id::text || 'ready')) % 22))
                 + make_interval(hours => 24 + (abs(hashtext(t.id::text || 'work')) % 120))
FROM tasks t
WHERE t.project_id = 'c0000000-0000-0000-0002-000000000000'
  AND t.board_id = 'd0000000-0000-0000-0002-000000000001'
  AND t.column_id = 'd0010000-0000-0000-0002-000000000005';

-- Этап 4: На проверке (от 3 до 36 часов)
INSERT INTO task_status_history (id, task_id, column_id, entered_at, left_at)
SELECT gen_random_uuid(), t.id, 'd0010000-0000-0000-0002-000000000004',
    t.created_at + make_interval(hours => 4 + (abs(hashtext(t.id::text)) % 32))
                 + make_interval(hours => 2 + (abs(hashtext(t.id::text || 'ready')) % 22))
                 + make_interval(hours => 24 + (abs(hashtext(t.id::text || 'work')) % 120)),
    t.created_at + make_interval(hours => 4 + (abs(hashtext(t.id::text)) % 32))
                 + make_interval(hours => 2 + (abs(hashtext(t.id::text || 'ready')) % 22))
                 + make_interval(hours => 24 + (abs(hashtext(t.id::text || 'work')) % 120))
                 + make_interval(hours => 3 + (abs(hashtext(t.id::text || 'rev')) % 33))
FROM tasks t
WHERE t.project_id = 'c0000000-0000-0000-0002-000000000000'
  AND t.board_id = 'd0000000-0000-0000-0002-000000000001'
  AND t.column_id = 'd0010000-0000-0000-0002-000000000005';

-- Этап 5: Выполнено (left_at = NULL)
INSERT INTO task_status_history (id, task_id, column_id, entered_at, left_at)
SELECT gen_random_uuid(), t.id, 'd0010000-0000-0000-0002-000000000005',
    t.created_at + make_interval(hours => 4 + (abs(hashtext(t.id::text)) % 32))
                 + make_interval(hours => 2 + (abs(hashtext(t.id::text || 'ready')) % 22))
                 + make_interval(hours => 24 + (abs(hashtext(t.id::text || 'work')) % 120))
                 + make_interval(hours => 3 + (abs(hashtext(t.id::text || 'rev')) % 33)),
    NULL
FROM tasks t
WHERE t.project_id = 'c0000000-0000-0000-0002-000000000000'
  AND t.board_id = 'd0000000-0000-0000-0002-000000000001'
  AND t.column_id = 'd0010000-0000-0000-0002-000000000005';

-- PORTAL IN_PROGRESS tasks (column_id = d0010000-0000-0000-0002-000000000003)
-- Прошли: Надо сделать → Готово к работе → В работе (сейчас здесь)
INSERT INTO task_status_history (id, task_id, column_id, entered_at, left_at)
SELECT gen_random_uuid(), t.id, 'd0010000-0000-0000-0002-000000000001',
    t.created_at,
    t.created_at + make_interval(hours => 3 + (abs(hashtext(t.id::text)) % 20))
FROM tasks t
WHERE t.project_id = 'c0000000-0000-0000-0002-000000000000'
  AND t.board_id = 'd0000000-0000-0000-0002-000000000001'
  AND t.column_id = 'd0010000-0000-0000-0002-000000000003';

INSERT INTO task_status_history (id, task_id, column_id, entered_at, left_at)
SELECT gen_random_uuid(), t.id, 'd0010000-0000-0000-0002-000000000002',
    t.created_at + make_interval(hours => 3 + (abs(hashtext(t.id::text)) % 20)),
    t.created_at + make_interval(hours => 3 + (abs(hashtext(t.id::text)) % 20))
                 + make_interval(hours => 2 + (abs(hashtext(t.id::text || 'rdy')) % 18))
FROM tasks t
WHERE t.project_id = 'c0000000-0000-0000-0002-000000000000'
  AND t.board_id = 'd0000000-0000-0000-0002-000000000001'
  AND t.column_id = 'd0010000-0000-0000-0002-000000000003';

INSERT INTO task_status_history (id, task_id, column_id, entered_at, left_at)
SELECT gen_random_uuid(), t.id, 'd0010000-0000-0000-0002-000000000003',
    t.created_at + make_interval(hours => 3 + (abs(hashtext(t.id::text)) % 20))
                 + make_interval(hours => 2 + (abs(hashtext(t.id::text || 'rdy')) % 18)),
    NULL
FROM tasks t
WHERE t.project_id = 'c0000000-0000-0000-0002-000000000000'
  AND t.board_id = 'd0000000-0000-0000-0002-000000000001'
  AND t.column_id = 'd0010000-0000-0000-0002-000000000003';

-- PORTAL ON_REVIEW tasks (column_id = d0010000-0000-0000-0002-000000000004)
-- Прошли: Надо сделать → Готово к работе → В работе → На проверке (сейчас здесь)
INSERT INTO task_status_history (id, task_id, column_id, entered_at, left_at)
SELECT gen_random_uuid(), t.id, 'd0010000-0000-0000-0002-000000000001',
    t.created_at,
    t.created_at + make_interval(hours => 5 + (abs(hashtext(t.id::text)) % 24))
FROM tasks t
WHERE t.project_id = 'c0000000-0000-0000-0002-000000000000'
  AND t.board_id = 'd0000000-0000-0000-0002-000000000001'
  AND t.column_id = 'd0010000-0000-0000-0002-000000000004';

INSERT INTO task_status_history (id, task_id, column_id, entered_at, left_at)
SELECT gen_random_uuid(), t.id, 'd0010000-0000-0000-0002-000000000002',
    t.created_at + make_interval(hours => 5 + (abs(hashtext(t.id::text)) % 24)),
    t.created_at + make_interval(hours => 5 + (abs(hashtext(t.id::text)) % 24))
                 + make_interval(hours => 3 + (abs(hashtext(t.id::text || 'rdy2')) % 14))
FROM tasks t
WHERE t.project_id = 'c0000000-0000-0000-0002-000000000000'
  AND t.board_id = 'd0000000-0000-0000-0002-000000000001'
  AND t.column_id = 'd0010000-0000-0000-0002-000000000004';

INSERT INTO task_status_history (id, task_id, column_id, entered_at, left_at)
SELECT gen_random_uuid(), t.id, 'd0010000-0000-0000-0002-000000000003',
    t.created_at + make_interval(hours => 5 + (abs(hashtext(t.id::text)) % 24))
                 + make_interval(hours => 3 + (abs(hashtext(t.id::text || 'rdy2')) % 14)),
    t.created_at + make_interval(hours => 5 + (abs(hashtext(t.id::text)) % 24))
                 + make_interval(hours => 3 + (abs(hashtext(t.id::text || 'rdy2')) % 14))
                 + make_interval(hours => 20 + (abs(hashtext(t.id::text || 'dev2')) % 72))
FROM tasks t
WHERE t.project_id = 'c0000000-0000-0000-0002-000000000000'
  AND t.board_id = 'd0000000-0000-0000-0002-000000000001'
  AND t.column_id = 'd0010000-0000-0000-0002-000000000004';

INSERT INTO task_status_history (id, task_id, column_id, entered_at, left_at)
SELECT gen_random_uuid(), t.id, 'd0010000-0000-0000-0002-000000000004',
    t.created_at + make_interval(hours => 5 + (abs(hashtext(t.id::text)) % 24))
                 + make_interval(hours => 3 + (abs(hashtext(t.id::text || 'rdy2')) % 14))
                 + make_interval(hours => 20 + (abs(hashtext(t.id::text || 'dev2')) % 72)),
    NULL
FROM tasks t
WHERE t.project_id = 'c0000000-0000-0000-0002-000000000000'
  AND t.board_id = 'd0000000-0000-0000-0002-000000000001'
  AND t.column_id = 'd0010000-0000-0000-0002-000000000004';

-- PORTAL READY tasks (column_id = d0010000-0000-0000-0002-000000000002)
-- Прошли: Надо сделать → Готово к работе (сейчас здесь)
INSERT INTO task_status_history (id, task_id, column_id, entered_at, left_at)
SELECT gen_random_uuid(), t.id, 'd0010000-0000-0000-0002-000000000001',
    t.created_at,
    t.created_at + make_interval(hours => 4 + (abs(hashtext(t.id::text)) % 28))
FROM tasks t
WHERE t.project_id = 'c0000000-0000-0000-0002-000000000000'
  AND t.board_id = 'd0000000-0000-0000-0002-000000000001'
  AND t.column_id = 'd0010000-0000-0000-0002-000000000002';

INSERT INTO task_status_history (id, task_id, column_id, entered_at, left_at)
SELECT gen_random_uuid(), t.id, 'd0010000-0000-0000-0002-000000000002',
    t.created_at + make_interval(hours => 4 + (abs(hashtext(t.id::text)) % 28)),
    NULL
FROM tasks t
WHERE t.project_id = 'c0000000-0000-0000-0002-000000000000'
  AND t.board_id = 'd0000000-0000-0000-0002-000000000001'
  AND t.column_id = 'd0010000-0000-0000-0002-000000000002';

-- ======================== Теги ========================

INSERT INTO tags (id, board_id, name) VALUES
    ('aa000000-0000-0000-0001-000000000001', 'd0000000-0000-0000-0001-000000000001', 'UI'),
    ('aa000000-0000-0000-0001-000000000002', 'd0000000-0000-0000-0001-000000000001', 'API'),
    ('aa000000-0000-0000-0001-000000000003', 'd0000000-0000-0000-0001-000000000001', 'Безопасность'),
    ('aa000000-0000-0000-0001-000000000004', 'd0000000-0000-0000-0001-000000000001', 'Производительность'),
    ('aa000000-0000-0000-0001-000000000005', 'd0000000-0000-0000-0001-000000000002', 'Баг'),
    ('aa000000-0000-0000-0001-000000000006', 'd0000000-0000-0000-0001-000000000002', 'Техдолг'),
    ('aa000000-0000-0000-0002-000000000001', 'd0000000-0000-0000-0002-000000000001', 'Дизайн'),
    ('aa000000-0000-0000-0002-000000000002', 'd0000000-0000-0000-0002-000000000001', 'Контент'),
    ('aa000000-0000-0000-0002-000000000003', 'd0000000-0000-0000-0002-000000000001', 'Интеграции'),
    ('aa000000-0000-0000-0002-000000000004', 'd0000000-0000-0000-0002-000000000001', 'SEO'),
    ('aa000000-0000-0000-0002-000000000005', 'd0000000-0000-0000-0002-000000000002', 'Дизайн'),
    ('aa000000-0000-0000-0002-000000000006', 'd0000000-0000-0000-0002-000000000002', 'Контент');

-- Task tags assignments
INSERT INTO task_tags (task_id, tag_id) VALUES
    ('e1000000-0000-0000-0001-000000000003', 'aa000000-0000-0000-0001-000000000001'),
    ('e1000000-0000-0000-0001-000000000008', 'aa000000-0000-0000-0001-000000000001'),
    ('e1000000-0000-0000-0001-000000000012', 'aa000000-0000-0000-0001-000000000001'),
    ('e1000000-0000-0000-0001-000000000002', 'aa000000-0000-0000-0001-000000000002'),
    ('e1000000-0000-0000-0001-000000000011', 'aa000000-0000-0000-0001-000000000002'),
    ('e1000000-0000-0000-0001-000000000021', 'aa000000-0000-0000-0001-000000000002'),
    ('e1000000-0000-0000-0001-000000000023', 'aa000000-0000-0000-0001-000000000002'),
    ('e1000000-0000-0000-0001-000000000034', 'aa000000-0000-0000-0001-000000000002'),
    ('e1000000-0000-0000-0001-000000000004', 'aa000000-0000-0000-0001-000000000003'),
    ('e1000000-0000-0000-0001-000000000009', 'aa000000-0000-0000-0001-000000000003'),
    ('e1000000-0000-0000-0001-000000000051', 'aa000000-0000-0000-0001-000000000003'),
    ('e1000000-0000-0000-0001-000000000014', 'aa000000-0000-0000-0001-000000000004'),
    ('e1000000-0000-0000-0001-000000000040', 'aa000000-0000-0000-0001-000000000004'),
    ('e1000000-0000-0000-0001-000000000066', 'aa000000-0000-0000-0001-000000000005'),
    ('e1000000-0000-0000-0001-000000000067', 'aa000000-0000-0000-0001-000000000005'),
    ('e1000000-0000-0000-0001-000000000068', 'aa000000-0000-0000-0001-000000000005'),
    ('e1000000-0000-0000-0001-000000000069', 'aa000000-0000-0000-0001-000000000005'),
    ('e1000000-0000-0000-0001-000000000070', 'aa000000-0000-0000-0001-000000000005'),
    ('e1000000-0000-0000-0001-000000000071', 'aa000000-0000-0000-0001-000000000005'),
    ('e1000000-0000-0000-0001-000000000072', 'aa000000-0000-0000-0001-000000000005'),
    ('e1000000-0000-0000-0001-000000000073', 'aa000000-0000-0000-0001-000000000005'),
    ('e1000000-0000-0000-0002-000000000005', 'aa000000-0000-0000-0002-000000000001'),
    ('e1000000-0000-0000-0002-000000000011', 'aa000000-0000-0000-0002-000000000001'),
    ('e1000000-0000-0000-0002-000000000028', 'aa000000-0000-0000-0002-000000000001'),
    ('e1000000-0000-0000-0002-000000000009', 'aa000000-0000-0000-0002-000000000002'),
    ('e1000000-0000-0000-0002-000000000010', 'aa000000-0000-0000-0002-000000000002'),
    ('e1000000-0000-0000-0002-000000000004', 'aa000000-0000-0000-0002-000000000003'),
    ('e1000000-0000-0000-0002-000000000026', 'aa000000-0000-0000-0002-000000000003'),
    ('e1000000-0000-0000-0002-000000000041', 'aa000000-0000-0000-0002-000000000003'),
    ('e1000000-0000-0000-0002-000000000051', 'aa000000-0000-0000-0002-000000000005'),
    ('e1000000-0000-0000-0002-000000000052', 'aa000000-0000-0000-0002-000000000005'),
    ('e1000000-0000-0000-0002-000000000053', 'aa000000-0000-0000-0002-000000000005'),
    ('e1000000-0000-0000-0002-000000000058', 'aa000000-0000-0000-0002-000000000006'),
    ('e1000000-0000-0000-0002-000000000059', 'aa000000-0000-0000-0002-000000000006'),
    ('e1000000-0000-0000-0002-000000000062', 'aa000000-0000-0000-0002-000000000006');

-- ╔═══════════════════════════════════════════════════════════════════════════╗
-- ║                    ЧАСТЬ 8: ВСТРЕЧИ И КОММЕНТАРИИ                        ║
-- ╚═══════════════════════════════════════════════════════════════════════════╝

-- Рабочие дни для генерации встреч
CREATE TEMP TABLE _workdays AS
SELECT d::date AS wd
FROM generate_series('2026-02-17'::date, '2026-05-08'::date, '1 day'::interval) d
WHERE EXTRACT(DOW FROM d) BETWEEN 1 AND 5;

-- MOBAPP daily scrum (Mon-Fri, 10:00-10:15)
INSERT INTO meetings (id, project_id, name, description, meeting_type, start_time, end_time, created_by, status)
SELECT
    ('a5000000-0000-0000-0001-' || lpad(row_number() OVER (ORDER BY wd)::text, 12, '0'))::uuid,
    'c0000000-0000-0000-0001-000000000000'::uuid,
    'Daily Scrum',
    'Ежедневная встреча команды мобильного приложения',
    'daily',
    (wd + TIME '10:00')::timestamptz,
    (wd + TIME '10:15')::timestamptz,
    'b0000000-0000-0000-0000-000000000001'::uuid,
    'active'
FROM _workdays;

-- MOBAPP sprint planning (first Monday of each sprint)
INSERT INTO meetings (id, project_id, name, description, meeting_type, start_time, end_time, created_by, status) VALUES
    ('a5100000-0000-0000-0001-000000000001', 'c0000000-0000-0000-0001-000000000000', 'Планирование Спринт 1', 'Планирование задач на спринт', 'sprint_planning', '2026-02-17 09:00:00+03', '2026-02-17 10:00:00+03', 'b0000000-0000-0000-0000-000000000001', 'active'),
    ('a5100000-0000-0000-0001-000000000002', 'c0000000-0000-0000-0001-000000000000', 'Планирование Спринт 2', 'Планирование задач на спринт', 'sprint_planning', '2026-03-03 09:00:00+03', '2026-03-03 10:00:00+03', 'b0000000-0000-0000-0000-000000000001', 'active'),
    ('a5100000-0000-0000-0001-000000000003', 'c0000000-0000-0000-0001-000000000000', 'Планирование Спринт 3', 'Планирование задач на спринт', 'sprint_planning', '2026-03-17 09:00:00+03', '2026-03-17 10:00:00+03', 'b0000000-0000-0000-0000-000000000001', 'active'),
    ('a5100000-0000-0000-0001-000000000004', 'c0000000-0000-0000-0001-000000000000', 'Планирование Спринт 4', 'Планирование задач на спринт', 'sprint_planning', '2026-03-31 09:00:00+03', '2026-03-31 10:00:00+03', 'b0000000-0000-0000-0000-000000000001', 'active'),
    ('a5100000-0000-0000-0001-000000000005', 'c0000000-0000-0000-0001-000000000000', 'Планирование Спринт 5', 'Планирование задач на спринт', 'sprint_planning', '2026-04-14 09:00:00+03', '2026-04-14 10:00:00+03', 'b0000000-0000-0000-0000-000000000001', 'active'),
    ('a5100000-0000-0000-0001-000000000006', 'c0000000-0000-0000-0001-000000000000', 'Планирование Спринт 6', 'Планирование задач на спринт', 'sprint_planning', '2026-04-28 09:00:00+03', '2026-04-28 10:00:00+03', 'b0000000-0000-0000-0000-000000000001', 'active');

-- MOBAPP retrospectives (last Friday of each completed sprint)
INSERT INTO meetings (id, project_id, name, description, meeting_type, start_time, end_time, created_by, status) VALUES
    ('a5200000-0000-0000-0001-000000000001', 'c0000000-0000-0000-0001-000000000000', 'Ретро Спринт 1', 'Ретроспектива спринта', 'retrospective', '2026-02-27 16:00:00+03', '2026-02-27 17:00:00+03', 'b0000000-0000-0000-0000-000000000001', 'active'),
    ('a5200000-0000-0000-0001-000000000002', 'c0000000-0000-0000-0001-000000000000', 'Ретро Спринт 2', 'Ретроспектива спринта', 'retrospective', '2026-03-13 16:00:00+03', '2026-03-13 17:00:00+03', 'b0000000-0000-0000-0000-000000000001', 'active'),
    ('a5200000-0000-0000-0001-000000000003', 'c0000000-0000-0000-0001-000000000000', 'Ретро Спринт 3', 'Ретроспектива спринта', 'retrospective', '2026-03-27 16:00:00+03', '2026-03-27 17:00:00+03', 'b0000000-0000-0000-0000-000000000001', 'active'),
    ('a5200000-0000-0000-0001-000000000004', 'c0000000-0000-0000-0001-000000000000', 'Ретро Спринт 4', 'Ретроспектива спринта', 'retrospective', '2026-04-10 16:00:00+03', '2026-04-10 17:00:00+03', 'b0000000-0000-0000-0000-000000000001', 'active'),
    ('a5200000-0000-0000-0001-000000000005', 'c0000000-0000-0000-0001-000000000000', 'Ретро Спринт 5', 'Ретроспектива спринта', 'retrospective', '2026-04-24 16:00:00+03', '2026-04-24 17:00:00+03', 'b0000000-0000-0000-0000-000000000001', 'active');

-- PORTAL weekly sync (every Wednesday 11:00-12:00)
INSERT INTO meetings (id, project_id, name, description, meeting_type, start_time, end_time, created_by, status)
SELECT
    ('a5000000-0000-0000-0002-' || lpad(row_number() OVER (ORDER BY wd)::text, 12, '0'))::uuid,
    'c0000000-0000-0000-0002-000000000000'::uuid,
    'Еженедельный синк',
    'Синхронизация команды портала',
    'sync',
    (wd + TIME '11:00')::timestamptz,
    (wd + TIME '12:00')::timestamptz,
    'b0000000-0000-0000-0000-000000000013'::uuid,
    'active'
FROM _workdays
WHERE EXTRACT(DOW FROM wd) = 3;

-- Participants for daily meetings (all 12 MOBAPP members)
INSERT INTO meeting_participants (meeting_id, user_id, status)
SELECT m.id, u.id, 'accepted'
FROM meetings m
CROSS JOIN (
    SELECT id FROM users WHERE id IN (
        'b0000000-0000-0000-0000-000000000001',
        'b0000000-0000-0000-0000-000000000002',
        'b0000000-0000-0000-0000-000000000003',
        'b0000000-0000-0000-0000-000000000004',
        'b0000000-0000-0000-0000-000000000005',
        'b0000000-0000-0000-0000-000000000006',
        'b0000000-0000-0000-0000-000000000007',
        'b0000000-0000-0000-0000-000000000008',
        'b0000000-0000-0000-0000-000000000009',
        'b0000000-0000-0000-0000-000000000010',
        'b0000000-0000-0000-0000-000000000011',
        'b0000000-0000-0000-0000-000000000012'
    )
) u
WHERE m.project_id = 'c0000000-0000-0000-0001-000000000000';

-- Participants for portal weekly syncs (all 12 PORTAL members)
INSERT INTO meeting_participants (meeting_id, user_id, status)
SELECT m.id, u.id, 'accepted'
FROM meetings m
CROSS JOIN (
    SELECT id FROM users WHERE id IN (
        'b0000000-0000-0000-0000-000000000013',
        'b0000000-0000-0000-0000-000000000014',
        'b0000000-0000-0000-0000-000000000015',
        'b0000000-0000-0000-0000-000000000016',
        'b0000000-0000-0000-0000-000000000017',
        'b0000000-0000-0000-0000-000000000018',
        'b0000000-0000-0000-0000-000000000019',
        'b0000000-0000-0000-0000-000000000020',
        'b0000000-0000-0000-0000-000000000021',
        'b0000000-0000-0000-0000-000000000022',
        'b0000000-0000-0000-0000-000000000023',
        'b0000000-0000-0000-0000-000000000024'
    )
) u
WHERE m.project_id = 'c0000000-0000-0000-0002-000000000000';

DROP TABLE _workdays;

-- ======================== Комментарии ========================

INSERT INTO comments (id, task_id, author_id, content, created_at, updated_at) VALUES
    (gen_random_uuid(), 'e1000000-0000-0000-0001-000000000002', 'b0000000-0000-0000-0000-000000000003', 'Реализовал JWT + refresh token. Время жизни access — 15 мин, refresh — 7 дней.', '2026-02-19 14:30:00+03', '2026-02-19 14:30:00+03'),
    (gen_random_uuid(), 'e1000000-0000-0000-0001-000000000002', 'b0000000-0000-0000-0000-000000000001', 'Добавь rate limiting на endpoint /auth/login — не больше 5 попыток в минуту.', '2026-02-19 15:00:00+03', '2026-02-19 15:00:00+03'),
    (gen_random_uuid(), 'e1000000-0000-0000-0001-000000000011', 'b0000000-0000-0000-0000-000000000002', 'API готов, возвращает список с пагинацией (limit/offset). Документация в Swagger.', '2026-03-05 16:00:00+03', '2026-03-05 16:00:00+03'),
    (gen_random_uuid(), 'e1000000-0000-0000-0001-000000000021', 'b0000000-0000-0000-0000-000000000003', 'Перевод работает, но нужно добавить проверку на минимальную сумму (1 руб).', '2026-03-19 11:00:00+03', '2026-03-19 11:00:00+03'),
    (gen_random_uuid(), 'e1000000-0000-0000-0001-000000000023', 'b0000000-0000-0000-0000-000000000002', 'Интеграция с СБП завершена. Используем API НСПК версии 2.1.', '2026-03-21 17:00:00+03', '2026-03-21 17:00:00+03'),
    (gen_random_uuid(), 'e1000000-0000-0000-0001-000000000031', 'b0000000-0000-0000-0000-000000000002', 'Firebase Cloud Messaging настроен. Тестовые push доходят за 1-2 секунды.', '2026-04-02 15:00:00+03', '2026-04-02 15:00:00+03'),
    (gen_random_uuid(), 'e1000000-0000-0000-0001-000000000041', 'b0000000-0000-0000-0000-000000000002', 'API вклада: POST /deposits, GET /deposits/{id}. Процентная ставка берётся из справочника.', '2026-04-16 14:00:00+03', '2026-04-16 14:00:00+03'),
    (gen_random_uuid(), 'e1000000-0000-0000-0001-000000000053', 'b0000000-0000-0000-0000-000000000003', 'WebSocket сервер на gorilla/websocket. Нужно обсудить формат сообщений.', '2026-04-30 11:00:00+03', '2026-04-30 11:00:00+03'),
    (gen_random_uuid(), 'e1000000-0000-0000-0001-000000000053', 'b0000000-0000-0000-0000-000000000001', 'Давайте используем JSON с полями type, payload, timestamp. Напишу спеку.', '2026-04-30 11:30:00+03', '2026-04-30 11:30:00+03'),
    (gen_random_uuid(), 'e1000000-0000-0000-0001-000000000066', 'b0000000-0000-0000-0000-000000000008', 'Воспроизводится стабильно при быстром двойном тапе. Нужен debounce на кнопке.', '2026-03-20 12:00:00+03', '2026-03-20 12:00:00+03'),
    (gen_random_uuid(), 'e1000000-0000-0000-0001-000000000071', 'b0000000-0000-0000-0000-000000000009', 'Только на Android 11 с Samsung UI. Проблема в NotificationChannel.', '2026-04-15 10:00:00+03', '2026-04-15 10:00:00+03'),
    (gen_random_uuid(), 'e1000000-0000-0000-0002-000000000004', 'b0000000-0000-0000-0000-000000000017', 'LDAP-коннектор работает. Маппинг групп AD → роли портала настроен.', '2026-02-23 16:00:00+03', '2026-02-23 16:00:00+03'),
    (gen_random_uuid(), 'e1000000-0000-0000-0002-000000000014', 'b0000000-0000-0000-0000-000000000016', 'Добавил workflow: Черновик → На согласовании → Утверждено / Отклонено.', '2026-03-13 14:00:00+03', '2026-03-13 14:00:00+03'),
    (gen_random_uuid(), 'e1000000-0000-0000-0002-000000000017', 'b0000000-0000-0000-0000-000000000015', 'Структура: Раздел → Категория → Статья. Поддержка вложенности до 3 уровней.', '2026-03-19 10:00:00+03', '2026-03-19 10:00:00+03'),
    (gen_random_uuid(), 'e1000000-0000-0000-0002-000000000026', 'b0000000-0000-0000-0000-000000000015', 'Используем Microsoft Graph API для синхронизации событий. OAuth2 flow настроен.', '2026-04-04 15:00:00+03', '2026-04-04 15:00:00+03'),
    (gen_random_uuid(), 'e1000000-0000-0000-0002-000000000034', 'b0000000-0000-0000-0000-000000000014', 'Реализовал RBAC: 3 роли (admin, editor, viewer). Проверки на уровне middleware.', '2026-04-25 11:00:00+03', '2026-04-25 11:00:00+03'),
    (gen_random_uuid(), 'e1000000-0000-0000-0002-000000000034', 'b0000000-0000-0000-0000-000000000013', 'Нужно ещё добавить роль moderator для управления комментариями.', '2026-04-25 14:00:00+03', '2026-04-25 14:00:00+03'),
    (gen_random_uuid(), 'e1000000-0000-0000-0002-000000000041', 'b0000000-0000-0000-0000-000000000017', 'Интеграция через REST API 1С. Выгрузка происходит раз в сутки в 03:00.', '2026-05-03 10:00:00+03', '2026-05-03 10:00:00+03');

-- ======================== Notification settings ========================

INSERT INTO notification_settings (user_id, event_type, in_system, in_email)
SELECT u.id, et.event_type, true, false
FROM users u
CROSS JOIN (VALUES
    ('task_assigned'),
    ('comment_mention'),
    ('task_status_change_author'),
    ('task_status_change_assignee'),
    ('task_status_change_watcher'),
    ('meeting_invite'),
    ('meeting_change'),
    ('meeting_cancel')
) AS et(event_type);

-- =============================================================================
-- Готово! Демо-данные для защиты ВКР загружены.
-- =============================================================================
