-- =============================================================================
-- Projektus — Реалистичные тестовые данные
-- Компания «НоваСофт» — средняя IT-компания, ~15 сотрудников
-- Период: октябрь 2025 — апрель 2026
-- =============================================================================
SET client_encoding = 'UTF8';

-- ======================== 1. Пользователи ========================

INSERT INTO users (id, username, email, password_hash, full_name, position) VALUES
('a1000000-0000-0000-0000-000000000001','aleksey.petrov','aleksey@novasoft.ru','$2a$10$92IXUNpkjO0rOQ5byMi.Ye4oKoEa3Ro9llC/.og/at2.uheWG/igi','Алексей Петров','CTO'),
('a1000000-0000-0000-0000-000000000002','maria.ivanova','maria@novasoft.ru','$2a$10$92IXUNpkjO0rOQ5byMi.Ye4oKoEa3Ro9llC/.og/at2.uheWG/igi','Мария Иванова','Project Manager'),
('a1000000-0000-0000-0000-000000000003','dmitry.kozlov','dmitry@novasoft.ru','$2a$10$92IXUNpkjO0rOQ5byMi.Ye4oKoEa3Ro9llC/.og/at2.uheWG/igi','Дмитрий Козлов','Senior Backend Developer'),
('a1000000-0000-0000-0000-000000000004','anna.sidorova','anna@novasoft.ru','$2a$10$92IXUNpkjO0rOQ5byMi.Ye4oKoEa3Ro9llC/.og/at2.uheWG/igi','Анна Сидорова','Senior Frontend Developer'),
('a1000000-0000-0000-0000-000000000005','sergey.volkov','sergey@novasoft.ru','$2a$10$92IXUNpkjO0rOQ5byMi.Ye4oKoEa3Ro9llC/.og/at2.uheWG/igi','Сергей Волков','Backend Developer'),
('a1000000-0000-0000-0000-000000000006','elena.morozova','elena@novasoft.ru','$2a$10$92IXUNpkjO0rOQ5byMi.Ye4oKoEa3Ro9llC/.og/at2.uheWG/igi','Елена Морозова','Frontend Developer'),
('a1000000-0000-0000-0000-000000000007','pavel.novikov','pavel@novasoft.ru','$2a$10$92IXUNpkjO0rOQ5byMi.Ye4oKoEa3Ro9llC/.og/at2.uheWG/igi','Павел Новиков','QA Lead'),
('a1000000-0000-0000-0000-000000000008','olga.fedorova','olga@novasoft.ru','$2a$10$92IXUNpkjO0rOQ5byMi.Ye4oKoEa3Ro9llC/.og/at2.uheWG/igi','Ольга Фёдорова','QA Engineer'),
('a1000000-0000-0000-0000-000000000009','igor.sokolov','igor@novasoft.ru','$2a$10$92IXUNpkjO0rOQ5byMi.Ye4oKoEa3Ro9llC/.og/at2.uheWG/igi','Игорь Соколов','DevOps Engineer'),
('a1000000-0000-0000-0000-00000000000a','natalya.belova','natalya@novasoft.ru','$2a$10$92IXUNpkjO0rOQ5byMi.Ye4oKoEa3Ro9llC/.og/at2.uheWG/igi','Наталья Белова','UI/UX Designer'),
('a1000000-0000-0000-0000-00000000000b','artem.kuznetsov','artem@novasoft.ru','$2a$10$92IXUNpkjO0rOQ5byMi.Ye4oKoEa3Ro9llC/.og/at2.uheWG/igi','Артём Кузнецов','Junior Backend Developer'),
('a1000000-0000-0000-0000-00000000000c','yulia.popova','yulia@novasoft.ru','$2a$10$92IXUNpkjO0rOQ5byMi.Ye4oKoEa3Ro9llC/.og/at2.uheWG/igi','Юлия Попова','Junior Frontend Developer'),
('a1000000-0000-0000-0000-00000000000d','maxim.lebedev','maxim@novasoft.ru','$2a$10$92IXUNpkjO0rOQ5byMi.Ye4oKoEa3Ro9llC/.og/at2.uheWG/igi','Максим Лебедев','Product Owner'),
('a1000000-0000-0000-0000-00000000000e','ekaterina.smirnova','ekaterina@novasoft.ru','$2a$10$92IXUNpkjO0rOQ5byMi.Ye4oKoEa3Ro9llC/.og/at2.uheWG/igi','Екатерина Смирнова','Business Analyst'),
('a1000000-0000-0000-0000-00000000000f','andrey.grigoriev','andrey@novasoft.ru','$2a$10$92IXUNpkjO0rOQ5byMi.Ye4oKoEa3Ro9llC/.og/at2.uheWG/igi','Андрей Григорьев','Technical Writer')
ON CONFLICT (id) DO NOTHING;

-- ======================== 2. Системные роли ========================

INSERT INTO roles (id, scope, name, description, is_admin) VALUES
('a2000000-0000-0000-0000-000000000001','system','Менеджер проектов','Просмотр всех проектов компании',false),
('a2000000-0000-0000-0000-000000000002','system','HR-менеджер','Управление учётными записями',false)
ON CONFLICT (id) DO NOTHING;

INSERT INTO role_permissions (role_id, permission_code, access) VALUES
('a2000000-0000-0000-0000-000000000001','system.projects.manage','view'),
('a2000000-0000-0000-0000-000000000002','system.users.manage','full')
ON CONFLICT DO NOTHING;

INSERT INTO user_roles (user_id, role_id) VALUES
('a1000000-0000-0000-0000-000000000001','00000000-0000-0000-0001-000000000001'),
('a1000000-0000-0000-0000-000000000002','a2000000-0000-0000-0000-000000000001'),
('a1000000-0000-0000-0000-00000000000d','a2000000-0000-0000-0000-000000000001')
ON CONFLICT DO NOTHING;

-- ======================== 3. Проекты ========================

INSERT INTO projects (id, key, name, description, project_type, owner_id, status, sprint_duration_weeks, created_at) VALUES
('a3000000-0000-0000-0000-000000000001','NOVA','НоваСофт Платформа','Основной продукт — веб-платформа автоматизации бизнес-процессов','scrum','a1000000-0000-0000-0000-000000000001','active',2,'2025-09-01 10:00:00+03'),
('a3000000-0000-0000-0000-000000000002','MOB','Мобильное приложение','Мобильный клиент платформы НоваСофт для iOS и Android','scrum','a1000000-0000-0000-0000-000000000001','active',2,'2025-10-01 10:00:00+03'),
('a3000000-0000-0000-0000-000000000003','INFRA','Инфраструктура и DevOps','CI/CD, мониторинг, безопасность, облачные сервисы','kanban','a1000000-0000-0000-0000-000000000009','active',NULL,'2025-09-15 10:00:00+03'),
('a3000000-0000-0000-0000-000000000004','SITE','Корпоративный сайт','Разработка и поддержка сайта novasoft.ru','kanban','a1000000-0000-0000-0000-000000000004','active',NULL,'2025-11-01 10:00:00+03')
ON CONFLICT (id) DO NOTHING;

-- ======================== 4. Доски ========================

INSERT INTO boards (id, project_id, name, sort_order, is_default, priority_type, estimation_unit, swimlane_group_by) VALUES
('a4000000-0000-0000-0000-000000000001','a3000000-0000-0000-0000-000000000001','Основная доска',1,true,'priority','story_points',''),
('a4000000-0000-0000-0000-000000000002','a3000000-0000-0000-0000-000000000002','Основная доска',1,true,'priority','story_points',''),
('a4000000-0000-0000-0000-000000000003','a3000000-0000-0000-0000-000000000003','Основная доска',1,true,'service_class','time',''),
('a4000000-0000-0000-0000-000000000004','a3000000-0000-0000-0000-000000000004','Основная доска',1,true,'priority','time','')
ON CONFLICT (id) DO NOTHING;

-- ======================== 5. Колонки ========================

INSERT INTO columns (id, board_id, name, system_type, wip_limit, sort_order, is_locked) VALUES
-- NOVA (Scrum)
('a5000000-0001-0000-0000-000000000001','a4000000-0000-0000-0000-000000000001','Бэклог спринта','initial',NULL,1,true),
('a5000000-0001-0000-0000-000000000002','a4000000-0000-0000-0000-000000000001','В работе','in_progress',NULL,2,false),
('a5000000-0001-0000-0000-000000000003','a4000000-0000-0000-0000-000000000001','На проверке','in_progress',NULL,3,false),
('a5000000-0001-0000-0000-000000000004','a4000000-0000-0000-0000-000000000001','Выполнено','completed',NULL,4,false),
-- MOB (Scrum)
('a5000000-0002-0000-0000-000000000001','a4000000-0000-0000-0000-000000000002','Бэклог спринта','initial',NULL,1,true),
('a5000000-0002-0000-0000-000000000002','a4000000-0000-0000-0000-000000000002','В работе','in_progress',NULL,2,false),
('a5000000-0002-0000-0000-000000000003','a4000000-0000-0000-0000-000000000002','На проверке','in_progress',NULL,3,false),
('a5000000-0002-0000-0000-000000000004','a4000000-0000-0000-0000-000000000002','Выполнено','completed',NULL,4,false),
-- INFRA (Kanban)
('a5000000-0003-0000-0000-000000000001','a4000000-0000-0000-0000-000000000003','Надо сделать','initial',NULL,1,false),
('a5000000-0003-0000-0000-000000000002','a4000000-0000-0000-0000-000000000003','Готово к работе','initial',NULL,2,false),
('a5000000-0003-0000-0000-000000000003','a4000000-0000-0000-0000-000000000003','В работе','in_progress',4,3,false),
('a5000000-0003-0000-0000-000000000004','a4000000-0000-0000-0000-000000000003','На проверке','in_progress',2,4,false),
('a5000000-0003-0000-0000-000000000005','a4000000-0000-0000-0000-000000000003','Выполнено','completed',NULL,5,false),
-- SITE (Kanban)
('a5000000-0004-0000-0000-000000000001','a4000000-0000-0000-0000-000000000004','Надо сделать','initial',NULL,1,false),
('a5000000-0004-0000-0000-000000000002','a4000000-0000-0000-0000-000000000004','Готово к работе','initial',NULL,2,false),
('a5000000-0004-0000-0000-000000000003','a4000000-0000-0000-0000-000000000004','В работе','in_progress',3,3,false),
('a5000000-0004-0000-0000-000000000004','a4000000-0000-0000-0000-000000000004','На проверке','in_progress',2,4,false),
('a5000000-0004-0000-0000-000000000005','a4000000-0000-0000-0000-000000000004','Выполнено','completed',NULL,5,false)
ON CONFLICT (id) DO NOTHING;

-- ======================== 6. Дорожки (Kanban INFRA) ========================

INSERT INTO swimlanes (id, board_id, name, sort_order) VALUES
('a6000000-0003-0000-0000-000000000001','a4000000-0000-0000-0000-000000000003','Ускоренный',1),
('a6000000-0003-0000-0000-000000000002','a4000000-0000-0000-0000-000000000003','Стандартный',2),
('a6000000-0003-0000-0000-000000000003','a4000000-0000-0000-0000-000000000003','Нематериальный',3)
ON CONFLICT (id) DO NOTHING;

-- ======================== 7. Проектные роли ========================

INSERT INTO roles (id, scope, project_id, name, description, is_admin) VALUES
('a7000000-0001-0000-0000-000000000001','project','a3000000-0000-0000-0000-000000000001','Администратор проекта','Полный доступ ко всем сущностям',true),
('a7000000-0001-0000-0000-000000000002','project','a3000000-0000-0000-0000-000000000001','Разработчик','Работа с задачами и досками',false),
('a7000000-0001-0000-0000-000000000003','project','a3000000-0000-0000-0000-000000000001','Тестировщик','Тестирование и контроль качества',false),
('a7000000-0001-0000-0000-000000000004','project','a3000000-0000-0000-0000-000000000001','Наблюдатель','Только просмотр',false),
('a7000000-0002-0000-0000-000000000001','project','a3000000-0000-0000-0000-000000000002','Администратор проекта','Полный доступ',true),
('a7000000-0002-0000-0000-000000000002','project','a3000000-0000-0000-0000-000000000002','Разработчик','Работа с задачами',false),
('a7000000-0002-0000-0000-000000000003','project','a3000000-0000-0000-0000-000000000002','Тестировщик','Тестирование',false),
('a7000000-0003-0000-0000-000000000001','project','a3000000-0000-0000-0000-000000000003','Администратор проекта','Полный доступ',true),
('a7000000-0003-0000-0000-000000000002','project','a3000000-0000-0000-0000-000000000003','Инженер','Работа с инфраструктурными задачами',false),
('a7000000-0004-0000-0000-000000000001','project','a3000000-0000-0000-0000-000000000004','Администратор проекта','Полный доступ',true),
('a7000000-0004-0000-0000-000000000002','project','a3000000-0000-0000-0000-000000000004','Исполнитель','Работа с задачами сайта',false)
ON CONFLICT (id) DO NOTHING;

-- Права проектных ролей (admin роли получают full через is_admin в Go, но добавим для полноты)
INSERT INTO role_permissions (role_id, permission_code, access) VALUES
-- NOVA Разработчик
('a7000000-0001-0000-0000-000000000002','project.tasks','full'),
('a7000000-0001-0000-0000-000000000002','project.boards','view'),
('a7000000-0001-0000-0000-000000000002','project.analytics','view'),
('a7000000-0001-0000-0000-000000000002','project.sprints','view'),
('a7000000-0001-0000-0000-000000000002','project.members','view'),
-- NOVA Тестировщик
('a7000000-0001-0000-0000-000000000003','project.tasks','full'),
('a7000000-0001-0000-0000-000000000003','project.boards','view'),
('a7000000-0001-0000-0000-000000000003','project.analytics','view'),
-- NOVA Наблюдатель
('a7000000-0001-0000-0000-000000000004','project.tasks','view'),
('a7000000-0001-0000-0000-000000000004','project.boards','view'),
('a7000000-0001-0000-0000-000000000004','project.analytics','view'),
-- MOB Разработчик
('a7000000-0002-0000-0000-000000000002','project.tasks','full'),
('a7000000-0002-0000-0000-000000000002','project.boards','view'),
('a7000000-0002-0000-0000-000000000002','project.sprints','view'),
('a7000000-0002-0000-0000-000000000002','project.analytics','view'),
-- MOB Тестировщик
('a7000000-0002-0000-0000-000000000003','project.tasks','full'),
('a7000000-0002-0000-0000-000000000003','project.boards','view'),
-- INFRA Инженер
('a7000000-0003-0000-0000-000000000002','project.tasks','full'),
('a7000000-0003-0000-0000-000000000002','project.boards','view'),
('a7000000-0003-0000-0000-000000000002','project.analytics','view'),
-- SITE Исполнитель
('a7000000-0004-0000-0000-000000000002','project.tasks','full'),
('a7000000-0004-0000-0000-000000000002','project.boards','view'),
('a7000000-0004-0000-0000-000000000002','project.analytics','view')
ON CONFLICT DO NOTHING;

-- ======================== 8. Участники проектов ========================

INSERT INTO members (id, project_id, user_id) VALUES
-- NOVA (10 чел)
('a8000000-0001-0000-0000-000000000001','a3000000-0000-0000-0000-000000000001','a1000000-0000-0000-0000-000000000001'),
('a8000000-0001-0000-0000-000000000002','a3000000-0000-0000-0000-000000000001','a1000000-0000-0000-0000-000000000002'),
('a8000000-0001-0000-0000-000000000003','a3000000-0000-0000-0000-000000000001','a1000000-0000-0000-0000-000000000003'),
('a8000000-0001-0000-0000-000000000004','a3000000-0000-0000-0000-000000000001','a1000000-0000-0000-0000-000000000004'),
('a8000000-0001-0000-0000-000000000005','a3000000-0000-0000-0000-000000000001','a1000000-0000-0000-0000-000000000005'),
('a8000000-0001-0000-0000-000000000006','a3000000-0000-0000-0000-000000000001','a1000000-0000-0000-0000-000000000006'),
('a8000000-0001-0000-0000-000000000007','a3000000-0000-0000-0000-000000000001','a1000000-0000-0000-0000-000000000007'),
('a8000000-0001-0000-0000-000000000008','a3000000-0000-0000-0000-000000000001','a1000000-0000-0000-0000-000000000008'),
('a8000000-0001-0000-0000-00000000000a','a3000000-0000-0000-0000-000000000001','a1000000-0000-0000-0000-00000000000a'),
('a8000000-0001-0000-0000-00000000000d','a3000000-0000-0000-0000-000000000001','a1000000-0000-0000-0000-00000000000d'),
-- MOB (7 чел)
('a8000000-0002-0000-0000-000000000001','a3000000-0000-0000-0000-000000000002','a1000000-0000-0000-0000-000000000002'),
('a8000000-0002-0000-0000-000000000002','a3000000-0000-0000-0000-000000000002','a1000000-0000-0000-0000-000000000004'),
('a8000000-0002-0000-0000-000000000003','a3000000-0000-0000-0000-000000000002','a1000000-0000-0000-0000-000000000005'),
('a8000000-0002-0000-0000-000000000004','a3000000-0000-0000-0000-000000000002','a1000000-0000-0000-0000-000000000006'),
('a8000000-0002-0000-0000-000000000005','a3000000-0000-0000-0000-000000000002','a1000000-0000-0000-0000-000000000008'),
('a8000000-0002-0000-0000-000000000006','a3000000-0000-0000-0000-000000000002','a1000000-0000-0000-0000-00000000000b'),
('a8000000-0002-0000-0000-000000000007','a3000000-0000-0000-0000-000000000002','a1000000-0000-0000-0000-00000000000d'),
-- INFRA (5 чел)
('a8000000-0003-0000-0000-000000000001','a3000000-0000-0000-0000-000000000003','a1000000-0000-0000-0000-000000000009'),
('a8000000-0003-0000-0000-000000000002','a3000000-0000-0000-0000-000000000003','a1000000-0000-0000-0000-000000000003'),
('a8000000-0003-0000-0000-000000000003','a3000000-0000-0000-0000-000000000003','a1000000-0000-0000-0000-000000000005'),
('a8000000-0003-0000-0000-000000000004','a3000000-0000-0000-0000-000000000003','a1000000-0000-0000-0000-00000000000b'),
('a8000000-0003-0000-0000-000000000005','a3000000-0000-0000-0000-000000000003','a1000000-0000-0000-0000-000000000001'),
-- SITE (5 чел)
('a8000000-0004-0000-0000-000000000001','a3000000-0000-0000-0000-000000000004','a1000000-0000-0000-0000-000000000004'),
('a8000000-0004-0000-0000-000000000002','a3000000-0000-0000-0000-000000000004','a1000000-0000-0000-0000-000000000006'),
('a8000000-0004-0000-0000-000000000003','a3000000-0000-0000-0000-000000000004','a1000000-0000-0000-0000-00000000000a'),
('a8000000-0004-0000-0000-000000000004','a3000000-0000-0000-0000-000000000004','a1000000-0000-0000-0000-00000000000c'),
('a8000000-0004-0000-0000-000000000005','a3000000-0000-0000-0000-000000000004','a1000000-0000-0000-0000-00000000000f')
ON CONFLICT (id) DO NOTHING;

-- Назначение ролей участникам
INSERT INTO member_roles (member_id, role_id) VALUES
-- NOVA
('a8000000-0001-0000-0000-000000000001','a7000000-0001-0000-0000-000000000001'), -- Алексей = Админ
('a8000000-0001-0000-0000-000000000002','a7000000-0001-0000-0000-000000000001'), -- Мария = Админ
('a8000000-0001-0000-0000-000000000003','a7000000-0001-0000-0000-000000000002'), -- Дмитрий = Разработчик
('a8000000-0001-0000-0000-000000000004','a7000000-0001-0000-0000-000000000002'), -- Анна = Разработчик
('a8000000-0001-0000-0000-000000000005','a7000000-0001-0000-0000-000000000002'), -- Сергей = Разработчик
('a8000000-0001-0000-0000-000000000006','a7000000-0001-0000-0000-000000000002'), -- Елена = Разработчик
('a8000000-0001-0000-0000-000000000007','a7000000-0001-0000-0000-000000000003'), -- Павел = Тестировщик
('a8000000-0001-0000-0000-000000000008','a7000000-0001-0000-0000-000000000003'), -- Ольга = Тестировщик
('a8000000-0001-0000-0000-00000000000a','a7000000-0001-0000-0000-000000000002'), -- Наталья = Разработчик
('a8000000-0001-0000-0000-00000000000d','a7000000-0001-0000-0000-000000000004'), -- Максим = Наблюдатель
-- MOB
('a8000000-0002-0000-0000-000000000001','a7000000-0002-0000-0000-000000000001'), -- Мария = Админ
('a8000000-0002-0000-0000-000000000002','a7000000-0002-0000-0000-000000000002'), -- Анна = Разработчик
('a8000000-0002-0000-0000-000000000003','a7000000-0002-0000-0000-000000000002'), -- Сергей = Разработчик
('a8000000-0002-0000-0000-000000000004','a7000000-0002-0000-0000-000000000002'), -- Елена = Разработчик
('a8000000-0002-0000-0000-000000000005','a7000000-0002-0000-0000-000000000003'), -- Ольга = Тестировщик
('a8000000-0002-0000-0000-000000000006','a7000000-0002-0000-0000-000000000002'), -- Артём = Разработчик
('a8000000-0002-0000-0000-000000000007','a7000000-0002-0000-0000-000000000001'), -- Максим = Админ
-- INFRA
('a8000000-0003-0000-0000-000000000001','a7000000-0003-0000-0000-000000000001'), -- Игорь = Админ
('a8000000-0003-0000-0000-000000000002','a7000000-0003-0000-0000-000000000002'), -- Дмитрий = Инженер
('a8000000-0003-0000-0000-000000000003','a7000000-0003-0000-0000-000000000002'), -- Сергей = Инженер
('a8000000-0003-0000-0000-000000000004','a7000000-0003-0000-0000-000000000002'), -- Артём = Инженер
('a8000000-0003-0000-0000-000000000005','a7000000-0003-0000-0000-000000000001'), -- Алексей = Админ
-- SITE
('a8000000-0004-0000-0000-000000000001','a7000000-0004-0000-0000-000000000001'), -- Анна = Админ
('a8000000-0004-0000-0000-000000000002','a7000000-0004-0000-0000-000000000002'), -- Елена = Исполнитель
('a8000000-0004-0000-0000-000000000003','a7000000-0004-0000-0000-000000000002'), -- Наталья = Исполнитель
('a8000000-0004-0000-0000-000000000004','a7000000-0004-0000-0000-000000000002'), -- Юлия = Исполнитель
('a8000000-0004-0000-0000-000000000005','a7000000-0004-0000-0000-000000000002')  -- Андрей = Исполнитель
ON CONFLICT DO NOTHING;

-- ======================== 9. Теги ========================

INSERT INTO tags (id, board_id, name) VALUES
('a9000000-0001-0000-0000-000000000001','a4000000-0000-0000-0000-000000000001','Баг'),
('a9000000-0001-0000-0000-000000000002','a4000000-0000-0000-0000-000000000001','Фича'),
('a9000000-0001-0000-0000-000000000003','a4000000-0000-0000-0000-000000000001','Техдолг'),
('a9000000-0001-0000-0000-000000000004','a4000000-0000-0000-0000-000000000001','API'),
('a9000000-0001-0000-0000-000000000005','a4000000-0000-0000-0000-000000000001','UI'),
('a9000000-0002-0000-0000-000000000001','a4000000-0000-0000-0000-000000000002','iOS'),
('a9000000-0002-0000-0000-000000000002','a4000000-0000-0000-0000-000000000002','Android'),
('a9000000-0002-0000-0000-000000000003','a4000000-0000-0000-0000-000000000002','Баг'),
('a9000000-0002-0000-0000-000000000004','a4000000-0000-0000-0000-000000000002','Фича'),
('a9000000-0003-0000-0000-000000000001','a4000000-0000-0000-0000-000000000003','CI/CD'),
('a9000000-0003-0000-0000-000000000002','a4000000-0000-0000-0000-000000000003','Мониторинг'),
('a9000000-0003-0000-0000-000000000003','a4000000-0000-0000-0000-000000000003','Безопасность'),
('a9000000-0003-0000-0000-000000000004','a4000000-0000-0000-0000-000000000003','Инцидент'),
('a9000000-0004-0000-0000-000000000001','a4000000-0000-0000-0000-000000000004','Дизайн'),
('a9000000-0004-0000-0000-000000000002','a4000000-0000-0000-0000-000000000004','Контент'),
('a9000000-0004-0000-0000-000000000003','a4000000-0000-0000-0000-000000000004','SEO')
ON CONFLICT (id) DO NOTHING;

-- ======================== 10. Спринты NOVA ========================

INSERT INTO sprints (id, project_id, name, goal, start_date, end_date, status, created_at, updated_at) VALUES
('ab000000-0001-0000-0000-000000000001','a3000000-0000-0000-0000-000000000001','Спринт 1','Базовая архитектура и авторизация','2025-10-06','2025-10-19','completed','2025-10-06','2025-10-19'),
('ab000000-0001-0000-0000-000000000002','a3000000-0000-0000-0000-000000000001','Спринт 2','Модуль пользователей и ролей','2025-10-20','2025-11-02','completed','2025-10-20','2025-11-02'),
('ab000000-0001-0000-0000-000000000003','a3000000-0000-0000-0000-000000000001','Спринт 3','CRUD проектов и досок','2025-11-03','2025-11-16','completed','2025-11-03','2025-11-16'),
('ab000000-0001-0000-0000-000000000004','a3000000-0000-0000-0000-000000000001','Спринт 4','Система задач и комментариев','2025-11-17','2025-11-30','completed','2025-11-17','2025-11-30'),
('ab000000-0001-0000-0000-000000000005','a3000000-0000-0000-0000-000000000001','Спринт 5','Спринты и бэклог продукта','2025-12-01','2025-12-14','completed','2025-12-01','2025-12-14'),
('ab000000-0001-0000-0000-000000000006','a3000000-0000-0000-0000-000000000001','Спринт 6','Уведомления и встречи','2025-12-15','2025-12-28','completed','2025-12-15','2025-12-28'),
('ab000000-0001-0000-0000-000000000007','a3000000-0000-0000-0000-000000000001','Спринт 7','Аналитика: velocity и burndown','2026-01-12','2026-01-25','completed','2026-01-12','2026-01-25'),
('ab000000-0001-0000-0000-000000000008','a3000000-0000-0000-0000-000000000001','Спринт 8','Kanban-аналитика и CFD','2026-01-26','2026-02-08','completed','2026-01-26','2026-02-08'),
('ab000000-0001-0000-0000-000000000009','a3000000-0000-0000-0000-000000000001','Спринт 9','Монте-Карло и фильтрация','2026-02-09','2026-02-22','completed','2026-02-09','2026-02-22'),
('ab000000-0001-0000-0000-00000000000a','a3000000-0000-0000-0000-000000000001','Спринт 10','Шаблоны и администрирование','2026-02-23','2026-03-08','completed','2026-02-23','2026-03-08'),
('ab000000-0001-0000-0000-00000000000b','a3000000-0000-0000-0000-000000000001','Спринт 11','Оптимизация и рефакторинг','2026-03-09','2026-03-22','completed','2026-03-09','2026-03-22'),
('ab000000-0001-0000-0000-00000000000c','a3000000-0000-0000-0000-000000000001','Спринт 12','Интеграционное тестирование','2026-03-23','2026-04-05','active','2026-03-23','2026-03-23')
ON CONFLICT (id) DO NOTHING;

-- ======================== 11. Спринты MOB ========================

INSERT INTO sprints (id, project_id, name, goal, start_date, end_date, status, created_at, updated_at) VALUES
('ab000000-0002-0000-0000-000000000001','a3000000-0000-0000-0000-000000000002','Спринт 1','Настройка проекта и навигация','2025-11-03','2025-11-16','completed','2025-11-03','2025-11-16'),
('ab000000-0002-0000-0000-000000000002','a3000000-0000-0000-0000-000000000002','Спринт 2','Экран авторизации и профиль','2025-11-17','2025-11-30','completed','2025-11-17','2025-11-30'),
('ab000000-0002-0000-0000-000000000003','a3000000-0000-0000-0000-000000000002','Спринт 3','Список проектов и задач','2025-12-01','2025-12-14','completed','2025-12-01','2025-12-14'),
('ab000000-0002-0000-0000-000000000004','a3000000-0000-0000-0000-000000000002','Спринт 4','Детали задачи и комментарии','2025-12-15','2025-12-28','completed','2025-12-15','2025-12-28'),
('ab000000-0002-0000-0000-000000000005','a3000000-0000-0000-0000-000000000002','Спринт 5','Push-уведомления','2026-01-12','2026-01-25','completed','2026-01-12','2026-01-25'),
('ab000000-0002-0000-0000-000000000006','a3000000-0000-0000-0000-000000000002','Спринт 6','Kanban-доска в приложении','2026-01-26','2026-02-08','completed','2026-01-26','2026-02-08'),
('ab000000-0002-0000-0000-000000000007','a3000000-0000-0000-0000-000000000002','Спринт 7','Оффлайн-режим и кеширование','2026-02-09','2026-02-22','completed','2026-02-09','2026-02-22'),
('ab000000-0002-0000-0000-000000000008','a3000000-0000-0000-0000-000000000002','Спринт 8','Тестирование и баг-фиксы','2026-02-23','2026-03-08','completed','2026-02-23','2026-03-08'),
('ab000000-0002-0000-0000-000000000009','a3000000-0000-0000-0000-000000000002','Спринт 9','Полировка UI и анимации','2026-03-09','2026-03-22','completed','2026-03-09','2026-03-22'),
('ab000000-0002-0000-0000-00000000000a','a3000000-0000-0000-0000-000000000002','Спринт 10','Подготовка к релизу','2026-03-23','2026-04-05','active','2026-03-23','2026-03-23')
ON CONFLICT (id) DO NOTHING;

-- ======================== 12. Генерация задач, истории статусов, sprint_tasks ========================
-- Используем PL/pgSQL для компактной генерации массива данных

DO $$
DECLARE
    -- Массивы имён задач NOVA (по спринтам, ~7-9 штук каждый)
    nova_names TEXT[][] := ARRAY[
        -- Спринт 1 (7 задач)
        ARRAY['Настройка Go-проекта и структуры каталогов','Подключение PostgreSQL и sqlc','Реализация JWT-аутентификации','Middleware авторизации и CORS','Регистрация и хеширование паролей','Rate limiting для логина','Настройка Docker Compose'],
        -- Спринт 2 (8)
        ARRAY['CRUD пользователей','Поиск пользователей с пагинацией','Загрузка аватаров','Системные роли и права','Назначение ролей пользователям','Парольная политика','Смена пароля с проверкой истории','API получения прав'],
        -- Спринт 3 (8)
        ARRAY['Создание и удаление проектов','Редактирование настроек проекта','CRUD досок проекта','Управление колонками доски','WIP-лимиты для колонок','Дорожки (swimlanes)','Переупорядочивание колонок и досок','Заметки на колонках'],
        -- Спринт 4 (9)
        ARRAY['Создание задач с ключом проекта','Редактирование полей задач','Перемещение задач между колонками','История статусов задач','Комментарии к задачам','Вложения файлов к задачам','Чек-листы в задачах','Связи между задачами','Поиск задач с фильтрацией'],
        -- Спринт 5 (7)
        ARRAY['Создание и управление спринтами','Бэклог продукта','Перемещение задач в спринт','Старт и завершение спринта','Обработка незавершённых задач','Бэклог спринта с сортировкой','Бизнес-правила перемещений'],
        -- Спринт 6 (8)
        ARRAY['Система уведомлений','Настройки уведомлений пользователя','Уведомления при назначении задачи','Создание встреч с участниками','Ответ на приглашение на встречу','Отмена и редактирование встреч','Напоминания о встречах','Лента уведомлений с пагинацией'],
        -- Спринт 7 (8)
        ARRAY['Velocity chart по story points','Velocity chart по количеству задач','Линейная регрессия тренда velocity','Коэффициент вариации стабильности','Burndown chart по дням спринта','Идеальная линия burndown','Обнаружение scope creep','Интерпретации Scrum-аналитики'],
        -- Спринт 8 (8)
        ARRAY['Kanban summary с метриками','Кумулятивная диаграмма потока','Scatter plot времени выполнения','Понедельная пропускная способность','Среднее время выполнения с перцентилями','Тренд пропускной способности','История WIP с лимитами','Распределение cycle time'],
        -- Спринт 9 (8)
        ARRAY['Алгоритм Монте-Карло (10K симуляций)','Кумулятивная кривая вероятности','Перцентили прогноза P50-P95','Фильтрация аналитики по доскам','Фильтрация по пользовательским полям','Динамическая генерация SQL-фильтров','Распределение пропускной способности','Кеширование аналитических запросов'],
        -- Спринт 10 (8)
        ARRAY['CRUD шаблонов проектов','Доски и колонки в шаблонах','Создание проекта из шаблона','Управление пользователями (админ)','Панель администрирования ролей','Аудит-логирование запросов','Настраиваемые поля задач','Теги задач и фильтрация по ним'],
        -- Спринт 11 (9)
        ARRAY['Оптимизация SQL-запросов аналитики','Индексы для часто используемых запросов','Рефакторинг сервисного слоя','Единый источник справочных данных','Улучшение обработки ошибок','Валидация входных данных DTO','Рефакторинг middleware-цепочки','Документирование API-эндпоинтов','Покрытие unit-тестами сервисов'],
        -- Спринт 12 (8, активный)
        ARRAY['E2E тестирование авторизации','Нагрузочное тестирование аналитики','Тестирование rate limiting','Проверка CORS-политик','Тестирование прав доступа','Тестирование Scrum-workflow','Тестирование Kanban-метрик','Подготовка к демонстрации']
    ];
    nova_estimations TEXT[][] := ARRAY[
        ARRAY['3','5','8','3','5','3','2'],
        ARRAY['5','3','3','8','3','5','5','2'],
        ARRAY['5','3','5','5','3','3','2','2'],
        ARRAY['5','3','3','8','5','5','5','3','3'],
        ARRAY['5','3','3','5','5','3','5'],
        ARRAY['8','3','3','5','3','3','5','3'],
        ARRAY['8','5','5','3','8','3','5','5'],
        ARRAY['5','8','5','5','5','5','5','3'],
        ARRAY['13','5','5','3','5','8','3','5'],
        ARRAY['5','5','8','5','5','3','5','3'],
        ARRAY['5','3','5','3','3','3','3','5','8'],
        ARRAY['5','8','3','2','5','5','5','3']
    ];
    nova_priorities TEXT[][] := ARRAY[
        ARRAY['Высокий','Высокий','Критичный','Высокий','Высокий','Средний','Средний'],
        ARRAY['Высокий','Средний','Средний','Критичный','Высокий','Средний','Средний','Низкий'],
        ARRAY['Высокий','Средний','Высокий','Высокий','Средний','Средний','Низкий','Низкий'],
        ARRAY['Критичный','Высокий','Высокий','Критичный','Средний','Средний','Средний','Средний','Средний'],
        ARRAY['Критичный','Высокий','Высокий','Критичный','Высокий','Средний','Высокий'],
        ARRAY['Высокий','Средний','Высокий','Высокий','Средний','Средний','Средний','Средний'],
        ARRAY['Высокий','Средний','Высокий','Средний','Критичный','Средний','Высокий','Средний'],
        ARRAY['Высокий','Критичный','Высокий','Средний','Высокий','Средний','Средний','Средний'],
        ARRAY['Критичный','Высокий','Высокий','Высокий','Высокий','Критичный','Средний','Средний'],
        ARRAY['Высокий','Средний','Критичный','Высокий','Высокий','Средний','Средний','Средний'],
        ARRAY['Высокий','Высокий','Средний','Средний','Средний','Средний','Низкий','Средний','Высокий'],
        ARRAY['Высокий','Критичный','Средний','Средний','Высокий','Высокий','Высокий','Критичный']
    ];
    -- Количество завершённых задач в каждом спринте (для velocity)
    nova_completed INT[] := ARRAY[6,7,8,7,6,7,7,7,7,7,9,3];

    -- Переменные
    sprint_id UUID;
    sprint_start DATE;
    task_id UUID;
    task_num INT := 0;
    col_initial UUID := 'a5000000-0001-0000-0000-000000000001';
    col_progress UUID := 'a5000000-0001-0000-0000-000000000002';
    col_review UUID := 'a5000000-0001-0000-0000-000000000003';
    col_done UUID := 'a5000000-0001-0000-0000-000000000004';
    owners UUID[] := ARRAY[
        'a8000000-0001-0000-0000-000000000003','a8000000-0001-0000-0000-000000000004',
        'a8000000-0001-0000-0000-000000000005','a8000000-0001-0000-0000-000000000006',
        'a8000000-0001-0000-0000-00000000000a'
    ];
    executors UUID[] := ARRAY[
        'a8000000-0001-0000-0000-000000000003','a8000000-0001-0000-0000-000000000004',
        'a8000000-0001-0000-0000-000000000005','a8000000-0001-0000-0000-000000000006',
        'a8000000-0001-0000-0000-000000000005','a8000000-0001-0000-0000-000000000003',
        'a8000000-0001-0000-0000-000000000004','a8000000-0001-0000-0000-00000000000a',
        'a8000000-0001-0000-0000-000000000006'
    ];
    sprint_dates DATE[] := ARRAY[
        '2025-10-06','2025-10-20','2025-11-03','2025-11-17','2025-12-01',
        '2025-12-15','2026-01-12','2026-01-26','2026-02-09','2026-02-23',
        '2026-03-09','2026-03-23'
    ];
    sprint_ids UUID[] := ARRAY[
        'ab000000-0001-0000-0000-000000000001','ab000000-0001-0000-0000-000000000002',
        'ab000000-0001-0000-0000-000000000003','ab000000-0001-0000-0000-000000000004',
        'ab000000-0001-0000-0000-000000000005','ab000000-0001-0000-0000-000000000006',
        'ab000000-0001-0000-0000-000000000007','ab000000-0001-0000-0000-000000000008',
        'ab000000-0001-0000-0000-000000000009','ab000000-0001-0000-0000-00000000000a',
        'ab000000-0001-0000-0000-00000000000b','ab000000-0001-0000-0000-00000000000c'
    ];
    s INT; -- sprint index
    t INT; -- task index in sprint
    completed_count INT;
    is_done BOOLEAN;
    created TIMESTAMPTZ;
    start_work TIMESTAMPTZ;
    end_work TIMESTAMPTZ;
    enter_review TIMESTAMPTZ;
    cur_col UUID;
BEGIN
    -- Генерация задач NOVA
    FOR s IN 1..12 LOOP
        sprint_start := sprint_dates[s];
        completed_count := nova_completed[s];

        FOR t IN 1..array_length(nova_names[s:s][1:], 2) LOOP
            task_num := task_num + 1;
            task_id := ('aa000000-0001-0000-0000-' || lpad(task_num::text, 12, '0'))::uuid;
            is_done := (t <= completed_count);
            created := (sprint_start + (t-1) * INTERVAL '2 hours')::timestamptz;

            IF is_done THEN
                cur_col := col_done;
            ELSIF s = 12 AND t <= completed_count + 2 THEN
                cur_col := col_progress; -- в работе
            ELSE
                cur_col := col_initial; -- в бэклоге
            END IF;

            INSERT INTO tasks (id, key, project_id, board_id, owner_id, executor_id, name, column_id, priority, estimation, created_at)
            VALUES (
                task_id,
                'NOVA-' || task_num,
                'a3000000-0000-0000-0000-000000000001',
                'a4000000-0000-0000-0000-000000000001',
                owners[1 + (task_num % array_length(owners, 1))],
                executors[1 + (task_num % array_length(executors, 1))],
                nova_names[s][t],
                cur_col,
                nova_priorities[s][t],
                nova_estimations[s][t],
                created
            ) ON CONFLICT (id) DO NOTHING;

            -- sprint_tasks
            INSERT INTO sprint_tasks (sprint_id, task_id, sort_order)
            VALUES (sprint_ids[s], task_id, t) ON CONFLICT DO NOTHING;

            -- task_status_history
            IF is_done THEN
                start_work := created + ((t * 0.8 + 1)::int || ' days')::interval;
                enter_review := start_work + ((1 + t % 3) || ' days')::interval;
                end_work := enter_review + ((1 + t % 2) || ' days')::interval;
                -- Не позже конца спринта
                IF end_work > (sprint_start + INTERVAL '13 days') THEN
                    end_work := sprint_start + INTERVAL '13 days' + (t || ' hours')::interval;
                    enter_review := end_work - INTERVAL '1 day';
                    start_work := enter_review - INTERVAL '2 days';
                END IF;

                INSERT INTO task_status_history (id, task_id, column_id, entered_at, left_at) VALUES
                (gen_random_uuid(), task_id, col_initial, created, start_work),
                (gen_random_uuid(), task_id, col_progress, start_work, enter_review),
                (gen_random_uuid(), task_id, col_review, enter_review, end_work),
                (gen_random_uuid(), task_id, col_done, end_work, NULL)
                ON CONFLICT DO NOTHING;
            ELSIF cur_col = col_progress THEN
                start_work := created + INTERVAL '1 day';
                INSERT INTO task_status_history (id, task_id, column_id, entered_at, left_at) VALUES
                (gen_random_uuid(), task_id, col_initial, created, start_work),
                (gen_random_uuid(), task_id, col_progress, start_work, NULL)
                ON CONFLICT DO NOTHING;
            ELSE
                INSERT INTO task_status_history (id, task_id, column_id, entered_at, left_at) VALUES
                (gen_random_uuid(), task_id, col_initial, created, NULL)
                ON CONFLICT DO NOTHING;
            END IF;
        END LOOP;
    END LOOP;

    -- ======= Задачи MOB (аналогично, компактнее) =======
    DECLARE
        mob_sprint_ids UUID[] := ARRAY[
            'ab000000-0002-0000-0000-000000000001','ab000000-0002-0000-0000-000000000002',
            'ab000000-0002-0000-0000-000000000003','ab000000-0002-0000-0000-000000000004',
            'ab000000-0002-0000-0000-000000000005','ab000000-0002-0000-0000-000000000006',
            'ab000000-0002-0000-0000-000000000007','ab000000-0002-0000-0000-000000000008',
            'ab000000-0002-0000-0000-000000000009','ab000000-0002-0000-0000-00000000000a'
        ];
        mob_sprint_dates DATE[] := ARRAY[
            '2025-11-03','2025-11-17','2025-12-01','2025-12-15','2026-01-12',
            '2026-01-26','2026-02-09','2026-02-23','2026-03-09','2026-03-23'
        ];
        mob_names TEXT[] := ARRAY[
            'Инициализация React Native проекта','Настройка навигации (React Navigation)','Экран входа и регистрации','Хранение JWT-токенов (SecureStore)','Экран профиля пользователя',
            'Список проектов пользователя','Детали проекта','Pull-to-refresh и скелетоны','Список задач проекта с фильтрами','Карточка задачи',
            'Детали задачи (описание, поля)','Редактирование полей задачи','Комментарии к задаче','Загрузка вложений с камеры','Чек-листы задач',
            'Kanban-доска (drag-and-drop)','Свайп-действия на карточках','Создание задачи из приложения','Поиск по задачам','Фильтрация задач по исполнителю',
            'Push-уведомления (Firebase)','Обработка уведомлений в фоне','Бейдж непрочитанных уведомлений','Лента уведомлений','Настройки уведомлений',
            'Оффлайн-очередь действий','Кеширование данных (AsyncStorage)','Синхронизация при восстановлении сети','Индикатор оффлайн-режима','Конфликты при синхронизации',
            'Тёмная тема','Анимации переходов экранов','Haptic feedback при действиях','Адаптивная вёрстка под планшет','Доступность (accessibility labels)',
            'Фикс утечки памяти при навигации','Фикс краша при повороте экрана','Оптимизация рендеринга списков','Тестирование на iOS 17','Тестирование на Android 14',
            'Полировка анимации Kanban-доски','Улучшение UX формы создания задачи','Иконки и сплеш-скрин','Оптимизация размера бандла','Code push для OTA-обновлений',
            'Финальное регрессионное тестирование','Подготовка скриншотов для магазинов','Настройка CI/CD для App Store','Подготовка release notes','Сборка release-кандидата'
        ];
        mob_est TEXT[] := ARRAY[
            '3','5','5','3','3',
            '5','3','2','5','3',
            '5','5','3','5','3',
            '8','3','5','3','3',
            '8','5','2','3','3',
            '8','5','5','3','5',
            '3','5','2','5','3',
            '5','3','5','3','3',
            '3','3','5','5','5',
            '8','3','5','3','5'
        ];
        mob_completed INT[] := ARRAY[4,5,5,4,5,4,4,5,5,2];
        mob_col_init UUID := 'a5000000-0002-0000-0000-000000000001';
        mob_col_prog UUID := 'a5000000-0002-0000-0000-000000000002';
        mob_col_rev UUID := 'a5000000-0002-0000-0000-000000000003';
        mob_col_done UUID := 'a5000000-0002-0000-0000-000000000004';
        mob_owners UUID[] := ARRAY[
            'a8000000-0002-0000-0000-000000000002','a8000000-0002-0000-0000-000000000003',
            'a8000000-0002-0000-0000-000000000004','a8000000-0002-0000-0000-000000000006'
        ];
        mob_task_num INT := 0;
        mob_task_idx INT := 0;
    BEGIN
        FOR s IN 1..10 LOOP
            FOR t IN 1..5 LOOP
                mob_task_idx := mob_task_idx + 1;
                IF mob_task_idx > array_length(mob_names, 1) THEN EXIT; END IF;
                mob_task_num := mob_task_num + 1;
                task_id := ('aa000000-0002-0000-0000-' || lpad(mob_task_num::text, 12, '0'))::uuid;
                is_done := (t <= mob_completed[s]);
                created := (mob_sprint_dates[s] + (t * 2 || ' hours')::interval)::timestamptz;
                IF is_done THEN cur_col := mob_col_done;
                ELSIF s = 10 AND t <= mob_completed[10] + 1 THEN cur_col := mob_col_prog;
                ELSE cur_col := mob_col_init; END IF;

                INSERT INTO tasks (id, key, project_id, board_id, owner_id, executor_id, name, column_id, priority, estimation, created_at)
                VALUES (task_id, 'MOB-' || mob_task_num, 'a3000000-0000-0000-0000-000000000002', 'a4000000-0000-0000-0000-000000000002',
                    mob_owners[1 + (mob_task_num % array_length(mob_owners, 1))],
                    mob_owners[1 + ((mob_task_num+1) % array_length(mob_owners, 1))],
                    mob_names[mob_task_idx], cur_col,
                    CASE WHEN t <= 2 THEN 'Высокий' WHEN t <= 4 THEN 'Средний' ELSE 'Низкий' END,
                    mob_est[mob_task_idx], created
                ) ON CONFLICT (id) DO NOTHING;

                INSERT INTO sprint_tasks (sprint_id, task_id, sort_order)
                VALUES (mob_sprint_ids[s], task_id, t) ON CONFLICT DO NOTHING;

                IF is_done THEN
                    start_work := created + ((1 + t) || ' days')::interval;
                    enter_review := start_work + ('2 days')::interval;
                    end_work := enter_review + ('1 day')::interval;
                    IF end_work > (mob_sprint_dates[s] + INTERVAL '13 days') THEN
                        end_work := mob_sprint_dates[s] + INTERVAL '12 days' + (t || ' hours')::interval;
                        enter_review := end_work - INTERVAL '1 day';
                        start_work := enter_review - INTERVAL '2 days';
                    END IF;
                    INSERT INTO task_status_history (id, task_id, column_id, entered_at, left_at) VALUES
                    (gen_random_uuid(), task_id, mob_col_init, created, start_work),
                    (gen_random_uuid(), task_id, mob_col_prog, start_work, enter_review),
                    (gen_random_uuid(), task_id, mob_col_rev, enter_review, end_work),
                    (gen_random_uuid(), task_id, mob_col_done, end_work, NULL);
                ELSIF cur_col = mob_col_prog THEN
                    INSERT INTO task_status_history (id, task_id, column_id, entered_at, left_at) VALUES
                    (gen_random_uuid(), task_id, mob_col_init, created, created + INTERVAL '1 day'),
                    (gen_random_uuid(), task_id, mob_col_prog, created + INTERVAL '1 day', NULL);
                ELSE
                    INSERT INTO task_status_history (id, task_id, column_id, entered_at, left_at) VALUES
                    (gen_random_uuid(), task_id, mob_col_init, created, NULL);
                END IF;
            END LOOP;
        END LOOP;
    END;

    -- ======= Задачи INFRA (Kanban) — 30 задач за oct 2025 – apr 2026 =======
    DECLARE
        infra_names TEXT[] := ARRAY[
            'Настройка GitLab CI/CD пайплайна','Миграция на Docker Swarm','Настройка Prometheus и Grafana','Алертинг в Telegram','Бэкап PostgreSQL на S3',
            'Обновление сертификатов TLS','Настройка Nginx reverse proxy','Оптимизация Docker-образов','Аудит безопасности зависимостей','Настройка fail2ban',
            'Мониторинг дискового пространства','Автоматическая ротация логов','Внедрение Vault для секретов','CI: Линтинг и статический анализ','CD: Автодеплой на staging',
            'Нагрузочное тестирование (k6)','Оптимизация PostgreSQL (vacuumdb)','Настройка read-реплики БД','Инцидент: утечка памяти в Go-сервисе','Миграция на PostgreSQL 16',
            'Настройка Sentry для бэкенда','CDN для статических файлов','Автоматизация обновления ОС','Мониторинг SSL-сертификатов','Rate limiting через Nginx',
            'Резервный дата-центр (DR-план)','Настройка VPN для команды','Аудит IAM-политик облака','Оптимизация сети между сервисами','Документирование инфраструктуры'
        ];
        infra_est TEXT[] := ARRAY[
            '4h','8h','6h','2h','3h','1h','4h','3h','4h','2h',
            '2h','2h','8h','3h','4h','6h','3h','8h','2h','6h',
            '4h','3h','2h','2h','3h','12h','4h','3h','4h','6h'
        ];
        infra_classes TEXT[] := ARRAY[
            'Стандартный','Стандартный','Стандартный','Ускоренный','Стандартный','Ускоренный','Стандартный','Нематериальный','Стандартный','Стандартный',
            'Нематериальный','Нематериальный','Стандартный','Стандартный','Стандартный','Стандартный','Стандартный','Стандартный','Ускоренный','Стандартный',
            'Стандартный','Нематериальный','Нематериальный','Нематериальный','Стандартный','Стандартный','Стандартный','Стандартный','Стандартный','Нематериальный'
        ];
        infra_owners UUID[] := ARRAY[
            'a8000000-0003-0000-0000-000000000001','a8000000-0003-0000-0000-000000000002',
            'a8000000-0003-0000-0000-000000000003','a8000000-0003-0000-0000-000000000004'
        ];
        infra_col_init UUID := 'a5000000-0003-0000-0000-000000000001';
        infra_col_ready UUID := 'a5000000-0003-0000-0000-000000000002';
        infra_col_prog UUID := 'a5000000-0003-0000-0000-000000000003';
        infra_col_rev UUID := 'a5000000-0003-0000-0000-000000000004';
        infra_col_done UUID := 'a5000000-0003-0000-0000-000000000005';
        base_date DATE := '2025-10-01';
        cycle_days INT;
        swim UUID;
    BEGIN
        FOR i IN 1..30 LOOP
            task_id := ('aa000000-0003-0000-0000-' || lpad(i::text, 12, '0'))::uuid;
            created := (base_date + ((i-1) * 6 || ' days')::interval + '10:00:00'::time)::timestamptz;
            cycle_days := 2 + (i % 5); -- 2-6 дней cycle time

            -- Выбор дорожки по классу обслуживания
            IF infra_classes[i] = 'Ускоренный' THEN swim := 'a6000000-0003-0000-0000-000000000001';
            ELSIF infra_classes[i] = 'Нематериальный' THEN swim := 'a6000000-0003-0000-0000-000000000003';
            ELSE swim := 'a6000000-0003-0000-0000-000000000002'; END IF;

            IF i <= 26 THEN -- 26 завершённых, 2 в работе, 2 в очереди
                cur_col := infra_col_done;
            ELSIF i <= 28 THEN
                cur_col := infra_col_prog;
            ELSE
                cur_col := infra_col_ready;
            END IF;

            INSERT INTO tasks (id, key, project_id, board_id, owner_id, executor_id, name, column_id, swimlane_id, priority, estimation, created_at)
            VALUES (task_id, 'INFRA-' || i, 'a3000000-0000-0000-0000-000000000003', 'a4000000-0000-0000-0000-000000000003',
                infra_owners[1 + (i % array_length(infra_owners, 1))],
                infra_owners[1 + ((i+1) % array_length(infra_owners, 1))],
                infra_names[i], cur_col, swim, infra_classes[i], infra_est[i], created
            ) ON CONFLICT (id) DO NOTHING;

            IF cur_col = infra_col_done THEN
                start_work := created + INTERVAL '1 day';
                enter_review := start_work + (cycle_days || ' days')::interval;
                end_work := enter_review + INTERVAL '1 day';
                INSERT INTO task_status_history (id, task_id, column_id, entered_at, left_at) VALUES
                (gen_random_uuid(), task_id, infra_col_init, created, created + INTERVAL '4 hours'),
                (gen_random_uuid(), task_id, infra_col_ready, created + INTERVAL '4 hours', start_work),
                (gen_random_uuid(), task_id, infra_col_prog, start_work, enter_review),
                (gen_random_uuid(), task_id, infra_col_rev, enter_review, end_work),
                (gen_random_uuid(), task_id, infra_col_done, end_work, NULL);
            ELSIF cur_col = infra_col_prog THEN
                INSERT INTO task_status_history (id, task_id, column_id, entered_at, left_at) VALUES
                (gen_random_uuid(), task_id, infra_col_init, created, created + INTERVAL '3 hours'),
                (gen_random_uuid(), task_id, infra_col_ready, created + INTERVAL '3 hours', created + INTERVAL '1 day'),
                (gen_random_uuid(), task_id, infra_col_prog, created + INTERVAL '1 day', NULL);
            ELSE
                INSERT INTO task_status_history (id, task_id, column_id, entered_at, left_at) VALUES
                (gen_random_uuid(), task_id, infra_col_init, created, created + INTERVAL '2 hours'),
                (gen_random_uuid(), task_id, infra_col_ready, created + INTERVAL '2 hours', NULL);
            END IF;
        END LOOP;
    END;

    -- ======= Задачи SITE (Kanban) — 20 задач =======
    DECLARE
        site_names TEXT[] := ARRAY[
            'Дизайн главной страницы','Вёрстка шапки и навигации','Страница «О компании»','Раздел «Продукты»','Страница «Контакты» с формой',
            'Адаптивная вёрстка (mobile-first)','SEO-оптимизация мета-тегов','Интеграция Google Analytics','Блог: шаблон статьи','Блог: RSS-лента',
            'Страница вакансий','Интеграция с HeadHunter API','Анимации при скролле (AOS)','Оптимизация изображений (WebP)','Настройка robots.txt и sitemap',
            'Мультиязычность (i18n)','Страница кейсов / портфолио','Тёмная тема сайта','Фикс бага в мобильном меню','Обновление зависимостей'
        ];
        site_est TEXT[] := ARRAY[
            '6h','4h','3h','4h','3h','5h','2h','2h','4h','2h',
            '3h','5h','3h','2h','1h','8h','4h','4h','1h','2h'
        ];
        site_owners UUID[] := ARRAY[
            'a8000000-0004-0000-0000-000000000001','a8000000-0004-0000-0000-000000000002',
            'a8000000-0004-0000-0000-000000000003','a8000000-0004-0000-0000-000000000004'
        ];
        site_col_init UUID := 'a5000000-0004-0000-0000-000000000001';
        site_col_ready UUID := 'a5000000-0004-0000-0000-000000000002';
        site_col_prog UUID := 'a5000000-0004-0000-0000-000000000003';
        site_col_rev UUID := 'a5000000-0004-0000-0000-000000000004';
        site_col_done UUID := 'a5000000-0004-0000-0000-000000000005';
        site_base DATE := '2025-11-10';
    BEGIN
        FOR i IN 1..20 LOOP
            task_id := ('aa000000-0004-0000-0000-' || lpad(i::text, 12, '0'))::uuid;
            created := (site_base + ((i-1) * 8 || ' days')::interval + '11:00:00'::time)::timestamptz;
            cycle_days := 3 + (i % 4);

            IF i <= 16 THEN cur_col := site_col_done;
            ELSIF i <= 18 THEN cur_col := site_col_prog;
            ELSE cur_col := site_col_init; END IF;

            INSERT INTO tasks (id, key, project_id, board_id, owner_id, executor_id, name, column_id, priority, estimation, created_at)
            VALUES (task_id, 'SITE-' || i, 'a3000000-0000-0000-0000-000000000004', 'a4000000-0000-0000-0000-000000000004',
                site_owners[1 + (i % array_length(site_owners, 1))],
                site_owners[1 + ((i+2) % array_length(site_owners, 1))],
                site_names[i], cur_col,
                CASE WHEN i%4=0 THEN 'Высокий' WHEN i%4=1 THEN 'Критичный' ELSE 'Средний' END,
                site_est[i], created
            ) ON CONFLICT (id) DO NOTHING;

            IF cur_col = site_col_done THEN
                start_work := created + INTERVAL '1 day';
                enter_review := start_work + (cycle_days || ' days')::interval;
                end_work := enter_review + INTERVAL '1 day';
                INSERT INTO task_status_history (id, task_id, column_id, entered_at, left_at) VALUES
                (gen_random_uuid(), task_id, site_col_init, created, created + INTERVAL '6 hours'),
                (gen_random_uuid(), task_id, site_col_ready, created + INTERVAL '6 hours', start_work),
                (gen_random_uuid(), task_id, site_col_prog, start_work, enter_review),
                (gen_random_uuid(), task_id, site_col_rev, enter_review, end_work),
                (gen_random_uuid(), task_id, site_col_done, end_work, NULL);
            ELSIF cur_col = site_col_prog THEN
                INSERT INTO task_status_history (id, task_id, column_id, entered_at, left_at) VALUES
                (gen_random_uuid(), task_id, site_col_init, created, created + INTERVAL '4 hours'),
                (gen_random_uuid(), task_id, site_col_ready, created + INTERVAL '4 hours', created + INTERVAL '1 day'),
                (gen_random_uuid(), task_id, site_col_prog, created + INTERVAL '1 day', NULL);
            ELSE
                INSERT INTO task_status_history (id, task_id, column_id, entered_at, left_at) VALUES
                (gen_random_uuid(), task_id, site_col_init, created, NULL);
            END IF;
        END LOOP;
    END;
END $$;

-- ======================== 13. Комментарии ========================

INSERT INTO comments (id, task_id, author_id, content, created_at, updated_at) VALUES
('ad000000-0000-0000-0000-000000000001','aa000000-0001-0000-0000-000000000003','a1000000-0000-0000-0000-000000000003','Архитектура JWT реализована, access + refresh паттерн. Refresh хранится хешем SHA-256.','2025-10-10 14:30:00+03','2025-10-10 14:30:00+03'),
('ad000000-0000-0000-0000-000000000002','aa000000-0001-0000-0000-000000000003','a1000000-0000-0000-0000-000000000007','Протестировал — при истекшем токене возвращается 401 корректно. Одобряю.','2025-10-11 11:00:00+03','2025-10-11 11:00:00+03'),
('ad000000-0000-0000-0000-000000000003','aa000000-0001-0000-0000-000000000010','a1000000-0000-0000-0000-000000000005','Добавил проверку на дубли email при регистрации. Возвращается 409 Conflict.','2025-11-05 16:20:00+03','2025-11-05 16:20:00+03'),
('ad000000-0000-0000-0000-000000000004','aa000000-0001-0000-0000-000000000028','a1000000-0000-0000-0000-000000000003','Связи задач реализованы: blocks, is_blocked_by, relates_to, parent, subtask. Автоматическая инверсия добавлена.','2025-11-22 15:00:00+03','2025-11-22 15:00:00+03'),
('ad000000-0000-0000-0000-000000000005','aa000000-0001-0000-0000-000000000045','a1000000-0000-0000-0000-000000000003','Линейная регрессия velocity работает. Slope = (n*sumXY - sumX*sumY)/(n*sumX2 - sumX^2).','2026-01-16 10:30:00+03','2026-01-16 10:30:00+03'),
('ad000000-0000-0000-0000-000000000006','aa000000-0001-0000-0000-000000000045','a1000000-0000-0000-0000-000000000002','Отлично! Интерпретация выводится на русском, рекомендации адекватные.','2026-01-17 09:00:00+03','2026-01-17 09:00:00+03'),
('ad000000-0000-0000-0000-000000000007','aa000000-0001-0000-0000-000000000057','a1000000-0000-0000-0000-000000000005','Монте-Карло: 10000 симуляций за ~50мс, перцентили P50-P95 стабильны при повторных запусках.','2026-02-14 14:00:00+03','2026-02-14 14:00:00+03'),
('ad000000-0000-0000-0000-000000000008','aa000000-0001-0000-0000-000000000057','a1000000-0000-0000-0000-000000000001','Впечатляет скорость. Добавь обработку крайнего случая — нулевая пропускная способность во всех неделях.','2026-02-15 10:00:00+03','2026-02-15 10:00:00+03'),
('ad000000-0000-0000-0000-000000000009','aa000000-0003-0000-0000-000000000019','a1000000-0000-0000-0000-000000000009','Утечка памяти в Go-сервисе устранена. Причина: незакрытые response body в HTTP-клиенте.','2026-01-15 18:30:00+03','2026-01-15 18:30:00+03'),
('ad000000-0000-0000-0000-00000000000a','aa000000-0002-0000-0000-000000000016','a1000000-0000-0000-0000-000000000004','Kanban-доска работает с drag-and-drop. Тестируйте на обеих платформах.','2026-02-02 13:00:00+03','2026-02-02 13:00:00+03'),
-- Ответ на комментарий (threaded)
('ad000000-0000-0000-0000-00000000000b','aa000000-0001-0000-0000-000000000057','a1000000-0000-0000-0000-000000000005','Готово — если все недели нулевые, возвращается пустой отчёт без ошибки.','2026-02-16 09:00:00+03','2026-02-16 09:00:00+03')
ON CONFLICT (id) DO NOTHING;

-- Обновим parent_comment_id для треда
UPDATE comments SET parent_comment_id = 'ad000000-0000-0000-0000-000000000008'
WHERE id = 'ad000000-0000-0000-0000-00000000000b';

-- ======================== 14. Встречи (текущая неделя: 31 марта – 4 апреля 2026) ========================

INSERT INTO meetings (id, project_id, name, description, meeting_type, start_time, end_time, created_by, location, status) VALUES
('ae000000-0000-0000-0000-000000000001','a3000000-0000-0000-0000-000000000001','Ежедневный стендап NOVA','Синхронизация команды по текущим задачам спринта','Ежедневный Scrum','2026-03-31 10:00:00+03','2026-03-31 10:15:00+03','a1000000-0000-0000-0000-000000000002','Zoom',  'active'),
('ae000000-0000-0000-0000-000000000002','a3000000-0000-0000-0000-000000000001','Ежедневный стендап NOVA','','Ежедневный Scrum','2026-04-01 10:00:00+03','2026-04-01 10:15:00+03','a1000000-0000-0000-0000-000000000002','Zoom','active'),
('ae000000-0000-0000-0000-000000000003','a3000000-0000-0000-0000-000000000001','Ежедневный стендап NOVA','','Ежедневный Scrum','2026-04-02 10:00:00+03','2026-04-02 10:15:00+03','a1000000-0000-0000-0000-000000000002','Zoom','active'),
('ae000000-0000-0000-0000-000000000004','a3000000-0000-0000-0000-000000000001','Ежедневный стендап NOVA','','Ежедневный Scrum','2026-04-03 10:00:00+03','2026-04-03 10:15:00+03','a1000000-0000-0000-0000-000000000002','Zoom','active'),
('ae000000-0000-0000-0000-000000000005','a3000000-0000-0000-0000-000000000002','Обзор спринта MOB','Демонстрация результатов спринта 10','Обзор спринта','2026-04-01 15:00:00+03','2026-04-01 16:00:00+03','a1000000-0000-0000-0000-000000000002','Переговорная «Альфа»','active'),
('ae000000-0000-0000-0000-000000000006','a3000000-0000-0000-0000-000000000002','Ретроспектива MOB','Анализ итогов спринта 10 и поиск улучшений','Ретроспектива спринта','2026-04-01 16:15:00+03','2026-04-01 17:15:00+03','a1000000-0000-0000-0000-000000000002','Переговорная «Альфа»','active'),
('ae000000-0000-0000-0000-000000000007','a3000000-0000-0000-0000-000000000003','Обзор рисков инфраструктуры','Еженедельный обзор инцидентов и уязвимостей','обзор рисков','2026-04-02 11:00:00+03','2026-04-02 12:00:00+03','a1000000-0000-0000-0000-000000000009','Zoom','active'),
('ae000000-0000-0000-0000-000000000008',NULL,'Общее собрание компании','Ежемесячное собрание: итоги марта, планы на апрель','Пользовательское событие','2026-04-03 12:00:00+03','2026-04-03 13:00:00+03','a1000000-0000-0000-0000-000000000001','Конференц-зал','active'),
('ae000000-0000-0000-0000-000000000009','a3000000-0000-0000-0000-000000000004','Обзор дизайна сайта','Согласование нового дизайна раздела «Продукты»','Пользовательское событие','2026-04-03 14:00:00+03','2026-04-03 15:00:00+03','a1000000-0000-0000-0000-000000000004','Zoom','active'),
('ae000000-0000-0000-0000-00000000000a','a3000000-0000-0000-0000-000000000001','Планирование спринта 13 NOVA','Планирование объёма работ на следующий спринт','Планирование спринта','2026-04-04 14:00:00+03','2026-04-04 16:00:00+03','a1000000-0000-0000-0000-000000000002','Переговорная «Бета»','active')
ON CONFLICT (id) DO NOTHING;

-- ======================== 15. Участники встреч ========================

INSERT INTO meeting_participants (id, meeting_id, user_id, status) VALUES
-- Стендапы NOVA (команда ~6 человек)
('af000000-0000-0000-0000-000000000001','ae000000-0000-0000-0000-000000000001','a1000000-0000-0000-0000-000000000002','accepted'),
('af000000-0000-0000-0000-000000000002','ae000000-0000-0000-0000-000000000001','a1000000-0000-0000-0000-000000000003','accepted'),
('af000000-0000-0000-0000-000000000003','ae000000-0000-0000-0000-000000000001','a1000000-0000-0000-0000-000000000004','accepted'),
('af000000-0000-0000-0000-000000000004','ae000000-0000-0000-0000-000000000001','a1000000-0000-0000-0000-000000000005','accepted'),
('af000000-0000-0000-0000-000000000005','ae000000-0000-0000-0000-000000000001','a1000000-0000-0000-0000-000000000007','accepted'),
-- Обзор спринта MOB
('af000000-0000-0000-0000-000000000010','ae000000-0000-0000-0000-000000000005','a1000000-0000-0000-0000-000000000002','accepted'),
('af000000-0000-0000-0000-000000000011','ae000000-0000-0000-0000-000000000005','a1000000-0000-0000-0000-000000000004','accepted'),
('af000000-0000-0000-0000-000000000012','ae000000-0000-0000-0000-000000000005','a1000000-0000-0000-0000-000000000005','accepted'),
('af000000-0000-0000-0000-000000000013','ae000000-0000-0000-0000-000000000005','a1000000-0000-0000-0000-000000000006','pending'),
('af000000-0000-0000-0000-000000000014','ae000000-0000-0000-0000-000000000005','a1000000-0000-0000-0000-00000000000d','accepted'),
-- Ретроспектива MOB
('af000000-0000-0000-0000-000000000020','ae000000-0000-0000-0000-000000000006','a1000000-0000-0000-0000-000000000002','accepted'),
('af000000-0000-0000-0000-000000000021','ae000000-0000-0000-0000-000000000006','a1000000-0000-0000-0000-000000000004','accepted'),
('af000000-0000-0000-0000-000000000022','ae000000-0000-0000-0000-000000000006','a1000000-0000-0000-0000-000000000005','accepted'),
('af000000-0000-0000-0000-000000000023','ae000000-0000-0000-0000-000000000006','a1000000-0000-0000-0000-000000000008','accepted'),
-- Обзор рисков INFRA
('af000000-0000-0000-0000-000000000030','ae000000-0000-0000-0000-000000000007','a1000000-0000-0000-0000-000000000009','accepted'),
('af000000-0000-0000-0000-000000000031','ae000000-0000-0000-0000-000000000007','a1000000-0000-0000-0000-000000000003','accepted'),
('af000000-0000-0000-0000-000000000032','ae000000-0000-0000-0000-000000000007','a1000000-0000-0000-0000-000000000001','accepted'),
-- Общее собрание (все)
('af000000-0000-0000-0000-000000000040','ae000000-0000-0000-0000-000000000008','a1000000-0000-0000-0000-000000000002','accepted'),
('af000000-0000-0000-0000-000000000041','ae000000-0000-0000-0000-000000000008','a1000000-0000-0000-0000-000000000003','accepted'),
('af000000-0000-0000-0000-000000000042','ae000000-0000-0000-0000-000000000008','a1000000-0000-0000-0000-000000000004','accepted'),
('af000000-0000-0000-0000-000000000043','ae000000-0000-0000-0000-000000000008','a1000000-0000-0000-0000-000000000005','pending'),
('af000000-0000-0000-0000-000000000044','ae000000-0000-0000-0000-000000000008','a1000000-0000-0000-0000-000000000006','accepted'),
('af000000-0000-0000-0000-000000000045','ae000000-0000-0000-0000-000000000008','a1000000-0000-0000-0000-000000000007','accepted'),
('af000000-0000-0000-0000-000000000046','ae000000-0000-0000-0000-000000000008','a1000000-0000-0000-0000-000000000009','declined'),
('af000000-0000-0000-0000-000000000047','ae000000-0000-0000-0000-000000000008','a1000000-0000-0000-0000-00000000000d','accepted'),
-- Обзор дизайна SITE
('af000000-0000-0000-0000-000000000050','ae000000-0000-0000-0000-000000000009','a1000000-0000-0000-0000-000000000004','accepted'),
('af000000-0000-0000-0000-000000000051','ae000000-0000-0000-0000-000000000009','a1000000-0000-0000-0000-00000000000a','accepted'),
('af000000-0000-0000-0000-000000000052','ae000000-0000-0000-0000-000000000009','a1000000-0000-0000-0000-000000000006','accepted'),
('af000000-0000-0000-0000-000000000053','ae000000-0000-0000-0000-000000000009','a1000000-0000-0000-0000-00000000000c','pending'),
-- Планирование спринта 13
('af000000-0000-0000-0000-000000000060','ae000000-0000-0000-0000-00000000000a','a1000000-0000-0000-0000-000000000002','accepted'),
('af000000-0000-0000-0000-000000000061','ae000000-0000-0000-0000-00000000000a','a1000000-0000-0000-0000-000000000003','accepted'),
('af000000-0000-0000-0000-000000000062','ae000000-0000-0000-0000-00000000000a','a1000000-0000-0000-0000-000000000004','accepted'),
('af000000-0000-0000-0000-000000000063','ae000000-0000-0000-0000-00000000000a','a1000000-0000-0000-0000-000000000005','accepted'),
('af000000-0000-0000-0000-000000000064','ae000000-0000-0000-0000-00000000000a','a1000000-0000-0000-0000-000000000007','accepted'),
('af000000-0000-0000-0000-000000000065','ae000000-0000-0000-0000-00000000000a','a1000000-0000-0000-0000-00000000000d','accepted')
ON CONFLICT (id) DO NOTHING;

-- ======================== 16. Уведомления ========================

INSERT INTO notifications (id, user_id, event_type, title, body, payload, is_read, created_at) VALUES
('b0000000-0000-0000-0000-000000000001','a1000000-0000-0000-0000-000000000003','task_assigned','Вам назначена задача NOVA-89','Тестирование Scrum-workflow','{"task_key":"NOVA-89"}',false,'2026-03-25 10:00:00+03'),
('b0000000-0000-0000-0000-000000000002','a1000000-0000-0000-0000-000000000005','task_assigned','Вам назначена задача NOVA-90','Тестирование Kanban-метрик','{"task_key":"NOVA-90"}',false,'2026-03-25 10:30:00+03'),
('b0000000-0000-0000-0000-000000000003','a1000000-0000-0000-0000-000000000004','task_status_change_assignee','Задача MOB-48 перемещена в «Выполнено»','Подготовка скриншотов для магазинов','{"task_key":"MOB-48"}',true,'2026-03-28 16:00:00+03'),
('b0000000-0000-0000-0000-000000000004','a1000000-0000-0000-0000-000000000002','meeting_invite','Приглашение: Планирование спринта 13 NOVA','4 апреля 14:00–16:00, Переговорная «Бета»','{"meeting_id":"ae000000-0000-0000-0000-00000000000a"}',false,'2026-03-30 09:00:00+03'),
('b0000000-0000-0000-0000-000000000005','a1000000-0000-0000-0000-000000000003','meeting_invite','Приглашение: Планирование спринта 13 NOVA','4 апреля 14:00–16:00','{"meeting_id":"ae000000-0000-0000-0000-00000000000a"}',true,'2026-03-30 09:00:00+03'),
('b0000000-0000-0000-0000-000000000006','a1000000-0000-0000-0000-000000000009','task_status_change_author','Задача INFRA-27 перемещена в «В работе»','Настройка VPN для команды','{"task_key":"INFRA-27"}',true,'2026-03-29 11:00:00+03'),
('b0000000-0000-0000-0000-000000000007','a1000000-0000-0000-0000-000000000005','comment_mention','Новый комментарий к задаче NOVA-57','Алексей Петров: «Добавь обработку крайнего случая...»','{"task_key":"NOVA-57"}',true,'2026-02-15 10:00:00+03'),
('b0000000-0000-0000-0000-000000000008','a1000000-0000-0000-0000-000000000004','meeting_invite','Приглашение: Обзор дизайна сайта','3 апреля 14:00–15:00, Zoom','{"meeting_id":"ae000000-0000-0000-0000-000000000009"}',false,'2026-03-31 10:00:00+03'),
('b0000000-0000-0000-0000-000000000009','a1000000-0000-0000-0000-000000000007','task_status_change_watcher','Задача NOVA-85 перемещена в «В работе»','E2E тестирование авторизации','{"task_key":"NOVA-85"}',false,'2026-03-26 09:00:00+03'),
('b0000000-0000-0000-0000-00000000000a','a1000000-0000-0000-0000-000000000001','meeting_invite','Приглашение: Общее собрание компании','3 апреля 12:00–13:00, Конференц-зал','{"meeting_id":"ae000000-0000-0000-0000-000000000008"}',true,'2026-03-30 08:00:00+03'),
('b0000000-0000-0000-0000-00000000000b','a1000000-0000-0000-0000-000000000006','task_assigned','Вам назначена задача MOB-49','Настройка CI/CD для App Store','{"task_key":"MOB-49"}',false,'2026-03-29 14:00:00+03'),
('b0000000-0000-0000-0000-00000000000c','a1000000-0000-0000-0000-00000000000a','meeting_invite','Приглашение: Обзор дизайна сайта','3 апреля 14:00–15:00','{"meeting_id":"ae000000-0000-0000-0000-000000000009"}',false,'2026-03-31 10:00:00+03'),
('b0000000-0000-0000-0000-00000000000d','a1000000-0000-0000-0000-000000000003','task_status_change_author','Задача NOVA-87 завершена','Тестирование rate limiting','{"task_key":"NOVA-87"}',true,'2026-03-28 17:00:00+03'),
('b0000000-0000-0000-0000-00000000000e','a1000000-0000-0000-0000-000000000002','task_status_change_watcher','Задача NOVA-91 создана','Подготовка к демонстрации','{"task_key":"NOVA-91"}',false,'2026-03-30 11:00:00+03'),
('b0000000-0000-0000-0000-00000000000f','a1000000-0000-0000-0000-00000000000b','task_assigned','Вам назначена задача INFRA-29','Оптимизация сети между сервисами','{"task_key":"INFRA-29"}',false,'2026-04-01 09:00:00+03')
ON CONFLICT (id) DO NOTHING;

-- ======================== 17. Чек-листы ========================

INSERT INTO checklists (id, task_id, name, created_at) VALUES
('b1000000-0000-0000-0000-000000000001','aa000000-0001-0000-0000-000000000085','Чек-лист тестирования авторизации','2026-03-24 10:00:00+03'),
('b1000000-0000-0000-0000-000000000002','aa000000-0001-0000-0000-000000000091','Подготовка к демо','2026-03-30 11:00:00+03')
ON CONFLICT (id) DO NOTHING;

INSERT INTO checklist_items (id, checklist_id, content, is_checked, sort_order) VALUES
('b2000000-0000-0000-0000-000000000001','b1000000-0000-0000-0000-000000000001','Тест успешной регистрации',true,1),
('b2000000-0000-0000-0000-000000000002','b1000000-0000-0000-0000-000000000001','Тест логина с неверным паролем',true,2),
('b2000000-0000-0000-0000-000000000003','b1000000-0000-0000-0000-000000000001','Тест refresh-токена',true,3),
('b2000000-0000-0000-0000-000000000004','b1000000-0000-0000-0000-000000000001','Тест rate limiting (5 неудачных попыток)',false,4),
('b2000000-0000-0000-0000-000000000005','b1000000-0000-0000-0000-000000000001','Тест смены пароля',false,5),
('b2000000-0000-0000-0000-000000000006','b1000000-0000-0000-0000-000000000002','Подготовить тестовые данные',true,1),
('b2000000-0000-0000-0000-000000000007','b1000000-0000-0000-0000-000000000002','Проверить все аналитические отчёты',false,2),
('b2000000-0000-0000-0000-000000000008','b1000000-0000-0000-0000-000000000002','Подготовить сценарий демонстрации',false,3),
('b2000000-0000-0000-0000-000000000009','b1000000-0000-0000-0000-000000000002','Проверить деплой на staging',false,4)
ON CONFLICT (id) DO NOTHING;

-- ======================== 18. Зависимости задач ========================

INSERT INTO task_dependencies (id, task_id, depends_on_task_id, dependency_type) VALUES
('b3000000-0000-0000-0000-000000000001','aa000000-0001-0000-0000-000000000004','aa000000-0001-0000-0000-000000000003','blocks'),
('b3000000-0000-0000-0000-000000000002','aa000000-0001-0000-0000-000000000003','aa000000-0001-0000-0000-000000000004','is_blocked_by'),
('b3000000-0000-0000-0000-000000000003','aa000000-0001-0000-0000-000000000045','aa000000-0001-0000-0000-000000000049','relates_to'),
('b3000000-0000-0000-0000-000000000004','aa000000-0001-0000-0000-000000000049','aa000000-0001-0000-0000-000000000045','relates_to'),
('b3000000-0000-0000-0000-000000000005','aa000000-0001-0000-0000-000000000057','aa000000-0001-0000-0000-000000000053','blocks'),
('b3000000-0000-0000-0000-000000000006','aa000000-0001-0000-0000-000000000053','aa000000-0001-0000-0000-000000000057','is_blocked_by')
ON CONFLICT (id) DO NOTHING;

-- ======================== Готово ========================
