-- =============================================================================
-- Projektus — Seed realistic data
-- Имитация работы российской ИТ-компании ООО «ЦифроТех» за период
-- 02.02.2026 – 16.04.2026 (≈2.5 месяца активной работы).
--
-- Содержимое:
--   * парольная политика + роль «Администратор системы»
--   * шаблоны Scrum/Kanban с ролью «Администратор проекта»
--   * 120 сотрудников + 1 администратор
--   * 4 проекта (2 Scrum + 2 Kanban), у каждого полная структура
--     (доска, колонки, дорожки, роли, участники)
--   * 12 спринтов (по 6 у каждого Scrum-проекта, последний активный)
--   * ≈400 задач в различных статусах, исполнители, дедлайны
--   * встречи (дейли/планирования/ретро/синки) с участниками
--   * комментарии на части задач
--   * теги + привязка тегов к задачам
--   * notification_settings для всех пользователей
--
-- Пароль для всех 120 сотрудников — `Password123!`.
-- Пароль администратора — `Admin123!`, логин `admin`.
--
-- Миграция идемпотентна для случая повторного применения на чистой БД
-- (`docker compose down -v && up -d && migrate up`). При повторном запуске
-- bootstrap-сервис приложения найдёт все эти записи и ничего не создаст.
-- =============================================================================

SET client_encoding = 'UTF8';

-- ======================== 1. Парольная политика ========================

INSERT INTO password_policy (id, min_length, require_digits, require_lowercase, require_uppercase, require_special, notes)
VALUES ('00000000-0000-0000-0000-000000000001', 8, true, true, true, true, NULL)
ON CONFLICT (id) DO NOTHING;

-- ======================== 2. Системная роль «Администратор системы» ========================

INSERT INTO roles (id, scope, name, description, is_admin)
VALUES ('a0000000-0000-0000-0000-000000000001', 'system', 'Администратор системы',
        'Полный доступ ко всем функциям системы', true)
ON CONFLICT (id) DO NOTHING;

INSERT INTO role_permissions (role_id, permission_code, access) VALUES
    ('a0000000-0000-0000-0000-000000000001', 'system.roles.manage', 'full'),
    ('a0000000-0000-0000-0000-000000000001', 'system.users.manage', 'full'),
    ('a0000000-0000-0000-0000-000000000001', 'system.projects.manage', 'full'),
    ('a0000000-0000-0000-0000-000000000001', 'system.password_policy.manage', 'full'),
    ('a0000000-0000-0000-0000-000000000001', 'system.project_templates.manage', 'full')
ON CONFLICT DO NOTHING;

-- ======================== 3. Шаблоны проектов ========================

-- Scrum-шаблон
INSERT INTO templates (id, name, description, project_type) VALUES
    ('a1000000-0000-0000-0000-000000000001', 'Scrum стандартный', 'Стандартный шаблон для Scrum-проектов', 'scrum')
ON CONFLICT (id) DO NOTHING;

INSERT INTO boards (id, template_id, name, description, sort_order, is_default, priority_type, estimation_unit, swimlane_group_by, priority_options) VALUES
    ('a1100000-0000-0000-0000-000000000001', 'a1000000-0000-0000-0000-000000000001',
     'Основная доска', 'Доска для основного хода разработки', 1, true, 'priority', 'story_points', '',
     '["Низкий","Средний","Высокий","Критичный"]'::jsonb)
ON CONFLICT (id) DO NOTHING;

INSERT INTO columns (id, board_id, name, system_type, sort_order, is_locked) VALUES
    ('a1110000-0000-0000-0000-000000000001', 'a1100000-0000-0000-0000-000000000001', 'Бэклог спринта', 'initial', 1, true),
    ('a1110000-0000-0000-0000-000000000002', 'a1100000-0000-0000-0000-000000000001', 'В работе',       'in_progress', 2, false),
    ('a1110000-0000-0000-0000-000000000003', 'a1100000-0000-0000-0000-000000000001', 'На проверке',    'in_progress', 3, false),
    ('a1110000-0000-0000-0000-000000000004', 'a1100000-0000-0000-0000-000000000001', 'Выполнено',      'completed',   4, false)
ON CONFLICT (id) DO NOTHING;

-- Роль «Администратор проекта» Scrum-шаблона
INSERT INTO roles (id, scope, template_id, name, description, is_admin) VALUES
    ('a1200000-0000-0000-0000-000000000001', 'template', 'a1000000-0000-0000-0000-000000000001',
     'Администратор проекта', 'Полный доступ ко всем сущностям проекта', true)
ON CONFLICT (id) DO NOTHING;

INSERT INTO role_permissions (role_id, permission_code, access) VALUES
    ('a1200000-0000-0000-0000-000000000001', 'project.boards',    'full'),
    ('a1200000-0000-0000-0000-000000000001', 'project.tasks',     'full'),
    ('a1200000-0000-0000-0000-000000000001', 'project.sprints',   'full'),
    ('a1200000-0000-0000-0000-000000000001', 'project.settings',  'full'),
    ('a1200000-0000-0000-0000-000000000001', 'project.members',   'full'),
    ('a1200000-0000-0000-0000-000000000001', 'project.roles',     'full'),
    ('a1200000-0000-0000-0000-000000000001', 'project.analytics', 'full')
ON CONFLICT DO NOTHING;

-- Kanban-шаблон
INSERT INTO templates (id, name, description, project_type) VALUES
    ('a2000000-0000-0000-0000-000000000001', 'Kanban стандартный', 'Стандартный шаблон для Kanban-проектов', 'kanban')
ON CONFLICT (id) DO NOTHING;

INSERT INTO boards (id, template_id, name, description, sort_order, is_default, priority_type, estimation_unit, swimlane_group_by, priority_options) VALUES
    ('a2100000-0000-0000-0000-000000000001', 'a2000000-0000-0000-0000-000000000001',
     'Основная доска', 'Kanban-доска с поддержкой WIP лимитов', 1, true, 'service_class', 'time',
     '00000000-0000-0000-0001-000000000008',
     '["Ускоренный","С фиксированной датой","Стандартный","Нематериальный"]'::jsonb)
ON CONFLICT (id) DO NOTHING;

INSERT INTO columns (id, board_id, name, system_type, sort_order, is_locked) VALUES
    ('a2110000-0000-0000-0000-000000000001', 'a2100000-0000-0000-0000-000000000001', 'Надо сделать',    'initial',     1, false),
    ('a2110000-0000-0000-0000-000000000002', 'a2100000-0000-0000-0000-000000000001', 'Готово к работе', 'initial',     2, false),
    ('a2110000-0000-0000-0000-000000000003', 'a2100000-0000-0000-0000-000000000001', 'В работе',        'in_progress', 3, false),
    ('a2110000-0000-0000-0000-000000000004', 'a2100000-0000-0000-0000-000000000001', 'На проверке',     'in_progress', 4, false),
    ('a2110000-0000-0000-0000-000000000005', 'a2100000-0000-0000-0000-000000000001', 'Выполнено',       'completed',   5, false)
ON CONFLICT (id) DO NOTHING;

INSERT INTO swimlanes (id, board_id, name, sort_order) VALUES
    ('a2120000-0000-0000-0000-000000000001', 'a2100000-0000-0000-0000-000000000001', 'Ускоренный',            1),
    ('a2120000-0000-0000-0000-000000000002', 'a2100000-0000-0000-0000-000000000001', 'С фиксированной датой', 2),
    ('a2120000-0000-0000-0000-000000000003', 'a2100000-0000-0000-0000-000000000001', 'Стандартный',           3),
    ('a2120000-0000-0000-0000-000000000004', 'a2100000-0000-0000-0000-000000000001', 'Нематериальный',        4)
ON CONFLICT (id) DO NOTHING;

-- Роль «Администратор проекта» Kanban-шаблона
INSERT INTO roles (id, scope, template_id, name, description, is_admin) VALUES
    ('a2200000-0000-0000-0000-000000000001', 'template', 'a2000000-0000-0000-0000-000000000001',
     'Администратор проекта', 'Полный доступ ко всем сущностям проекта', true)
ON CONFLICT (id) DO NOTHING;

INSERT INTO role_permissions (role_id, permission_code, access) VALUES
    ('a2200000-0000-0000-0000-000000000001', 'project.boards',    'full'),
    ('a2200000-0000-0000-0000-000000000001', 'project.tasks',     'full'),
    ('a2200000-0000-0000-0000-000000000001', 'project.settings',  'full'),
    ('a2200000-0000-0000-0000-000000000001', 'project.members',   'full'),
    ('a2200000-0000-0000-0000-000000000001', 'project.roles',     'full'),
    ('a2200000-0000-0000-0000-000000000001', 'project.analytics', 'full')
ON CONFLICT DO NOTHING;

-- ======================== 4. Пользователи (120 сотрудников) ========================
-- Пароль для всех: Password123!
-- Имена генерируются из комбинации русских имён/фамилий/отчеств по формуле от индекса.

INSERT INTO users (id, username, email, password_hash, full_name, position, is_active)
SELECT
    ('b0000000-0000-0000-0000-' || lpad(n::text, 12, '0'))::uuid AS id,
    'employee' || lpad(n::text, 3, '0') AS username,
    'employee' || lpad(n::text, 3, '0') || '@cifrotech.ru' AS email,
    '$2a$10$cQyMagkq4PAPy..8JyNz4.J.J9aN7HLM9b.T8I4CGoj5JIhE9W5I6' AS password_hash,
    CASE (n % 2)
        WHEN 0 THEN
            (ARRAY['Анна','Екатерина','Мария','Ольга','Наталья','Ирина','Татьяна','Елена',
                   'Светлана','Юлия','Дарья','Анастасия','Алина','Полина','Виктория',
                   'София','Кристина','Вера','Ангелина','Маргарита'])[((n * 3) % 20) + 1]
            || ' '
            || (ARRAY['Иванова','Петрова','Смирнова','Кузнецова','Попова','Соколова',
                      'Лебедева','Козлова','Новикова','Морозова','Волкова','Соловьёва',
                      'Васильева','Зайцева','Павлова','Семёнова','Голубева','Виноградова',
                      'Богданова','Воробьёва','Фёдорова','Михайлова','Беляева','Тарасова',
                      'Белова','Комарова','Орлова','Киселёва','Макарова','Андреева',
                      'Ковалёва','Ильина','Гусева','Титова','Кузьмина','Кудрявцева',
                      'Баранова','Куликова','Алексеева','Степанова'])[((n * 7) % 40) + 1]
            || ' '
            || (ARRAY['Александровна','Алексеевна','Андреевна','Артёмовна','Владимировна',
                      'Дмитриевна','Ивановна','Константиновна','Максимовна','Михайловна',
                      'Николаевна','Павловна','Романовна','Сергеевна','Юрьевна','Егоровна',
                      'Кирилловна','Глебовна','Тимофеевна','Олеговна'])[((n * 11) % 20) + 1]
        ELSE
            (ARRAY['Александр','Алексей','Андрей','Артём','Владимир','Дмитрий','Иван',
                   'Константин','Максим','Михаил','Никита','Павел','Роман','Сергей',
                   'Юрий','Егор','Кирилл','Глеб','Тимофей','Олег'])[((n * 3) % 20) + 1]
            || ' '
            || (ARRAY['Иванов','Петров','Смирнов','Кузнецов','Попов','Соколов','Лебедев',
                      'Козлов','Новиков','Морозов','Волков','Соловьёв','Васильев','Зайцев',
                      'Павлов','Семёнов','Голубев','Виноградов','Богданов','Воробьёв',
                      'Фёдоров','Михайлов','Беляев','Тарасов','Белов','Комаров','Орлов',
                      'Киселёв','Макаров','Андреев','Ковалёв','Ильин','Гусев','Титов',
                      'Кузьмин','Кудрявцев','Баранов','Куликов','Алексеев','Степанов'])[((n * 7) % 40) + 1]
            || ' '
            || (ARRAY['Александрович','Алексеевич','Андреевич','Артёмович','Владимирович',
                      'Дмитриевич','Иванович','Константинович','Максимович','Михайлович',
                      'Николаевич','Павлович','Романович','Сергеевич','Юрьевич','Егорович',
                      'Кириллович','Глебович','Тимофеевич','Олегович'])[((n * 11) % 20) + 1]
    END AS full_name,
    CASE
        WHEN n BETWEEN 1 AND 5   THEN 'Руководитель проектов'
        WHEN n BETWEEN 6 AND 10  THEN 'Бизнес-аналитик'
        WHEN n BETWEEN 11 AND 30 THEN 'Backend-разработчик'
        WHEN n BETWEEN 31 AND 45 THEN 'Старший Backend-разработчик'
        WHEN n BETWEEN 46 AND 50 THEN 'Ведущий Backend-разработчик'
        WHEN n BETWEEN 51 AND 70 THEN 'Frontend-разработчик'
        WHEN n BETWEEN 71 AND 80 THEN 'Старший Frontend-разработчик'
        WHEN n BETWEEN 81 AND 90 THEN 'Mobile-разработчик'
        WHEN n BETWEEN 91 AND 95 THEN 'Старший Mobile-разработчик'
        WHEN n BETWEEN 96 AND 105 THEN 'Инженер по тестированию'
        WHEN n BETWEEN 106 AND 110 THEN 'Старший инженер по тестированию'
        WHEN n BETWEEN 111 AND 115 THEN 'DevOps-инженер'
        ELSE 'UX/UI-дизайнер'
    END AS position,
    true AS is_active
FROM generate_series(1, 120) AS n
ON CONFLICT (id) DO NOTHING;

-- Администратор системы
INSERT INTO users (id, username, email, password_hash, full_name, position, is_active)
VALUES (
    'b0000000-0000-0000-ffff-000000000001',
    'admin',
    'admin@cifrotech.ru',
    '$2a$10$1DrTaiQ7Ns1p5Jb6B4rFMuv0D.Jz4481twg6JWJGMTcFAcvIQKuFO',
    'Кузнецов Дмитрий Иванович',
    'Системный администратор',
    true
)
ON CONFLICT (id) DO NOTHING;

-- Назначить admin'у системную роль
INSERT INTO user_roles (user_id, role_id) VALUES
    ('b0000000-0000-0000-ffff-000000000001', 'a0000000-0000-0000-0000-000000000001')
ON CONFLICT DO NOTHING;

-- ======================== 5. Notification settings для всех пользователей ========================
-- in_system=true, in_email=false для всех 8 типов событий у всех 121 пользователя.

INSERT INTO notification_settings (user_id, event_type, in_system, in_email)
SELECT u.id, et.event_type, true, false
FROM users u
CROSS JOIN (VALUES
    ('task_assigned'),
    ('comment_mention'),
    ('task_status_change_author'),
    ('task_status_change_assignee'),
    ('task_status_change_watcher'),
    ('meeting_invite'),
    ('meeting_change'),
    ('meeting_cancel')
) AS et(event_type)
ON CONFLICT (user_id, event_type) DO NOTHING;

-- ======================== 6. Проекты ========================

-- Проект 1: «Мобильный банк» (Scrum), владелец — employee001
INSERT INTO projects (id, key, name, description, project_type, owner_id, status, created_at, sprint_duration_weeks) VALUES
    ('c0000000-0000-0000-0001-000000000000', 'MOB', 'Мобильный банк',
     'Мобильное приложение для физических лиц: платежи, переводы, вклады, инвестиции', 'scrum',
     'b0000000-0000-0000-0000-000000000001', 'active', '2026-01-15 09:00:00+03', 2),

-- Проект 2: «Маркетплейс: платформа продавцов» (Scrum), владелец — employee002
    ('c0000000-0000-0000-0002-000000000000', 'MKT', 'Маркетплейс: платформа продавцов',
     'Платформа для продавцов маркетплейса: управление каталогом, ценами, остатками, отчётность', 'scrum',
     'b0000000-0000-0000-0000-000000000002', 'active', '2026-01-20 10:00:00+03', 2),

-- Проект 3: «Миграция инфраструктуры в K8s» (Kanban), владелец — employee003
    ('c0000000-0000-0000-0003-000000000000', 'INF', 'Миграция инфраструктуры в K8s',
     'Перевод существующих сервисов с виртуалок на Kubernetes, унификация CI/CD', 'kanban',
     'b0000000-0000-0000-0000-000000000003', 'active', '2026-01-22 11:00:00+03', 2),

-- Проект 4: «Корпоративный сайт и CMS» (Kanban), владелец — employee004
    ('c0000000-0000-0000-0004-000000000000', 'SITE', 'Корпоративный сайт и CMS',
     'Редизайн корпоративного сайта с внутренней CMS для маркетинга', 'kanban',
     'b0000000-0000-0000-0000-000000000004', 'active', '2026-01-25 12:00:00+03', 2)
ON CONFLICT (id) DO NOTHING;

-- ======================== 7. Доски проектов (клоны шаблонов) ========================

-- MOB (Scrum)
INSERT INTO boards (id, project_id, name, description, sort_order, is_default, priority_type, estimation_unit, swimlane_group_by, priority_options) VALUES
    ('d0000000-0000-0000-0001-000000000000', 'c0000000-0000-0000-0001-000000000000',
     'Основная доска', 'Доска для основного хода разработки', 1, true, 'priority', 'story_points', '',
     '["Низкий","Средний","Высокий","Критичный"]'::jsonb)
ON CONFLICT (id) DO NOTHING;

INSERT INTO columns (id, board_id, name, system_type, sort_order, is_locked) VALUES
    ('d0000000-0000-0000-0001-000000000001', 'd0000000-0000-0000-0001-000000000000', 'Бэклог спринта', 'initial',     1, true),
    ('d0000000-0000-0000-0001-000000000002', 'd0000000-0000-0000-0001-000000000000', 'В работе',       'in_progress', 2, false),
    ('d0000000-0000-0000-0001-000000000003', 'd0000000-0000-0000-0001-000000000000', 'На проверке',    'in_progress', 3, false),
    ('d0000000-0000-0000-0001-000000000004', 'd0000000-0000-0000-0001-000000000000', 'Выполнено',      'completed',   4, false)
ON CONFLICT (id) DO NOTHING;

-- MKT (Scrum)
INSERT INTO boards (id, project_id, name, description, sort_order, is_default, priority_type, estimation_unit, swimlane_group_by, priority_options) VALUES
    ('d0000000-0000-0000-0002-000000000000', 'c0000000-0000-0000-0002-000000000000',
     'Основная доска', 'Доска для основного хода разработки', 1, true, 'priority', 'story_points', '',
     '["Низкий","Средний","Высокий","Критичный"]'::jsonb)
ON CONFLICT (id) DO NOTHING;

INSERT INTO columns (id, board_id, name, system_type, sort_order, is_locked) VALUES
    ('d0000000-0000-0000-0002-000000000001', 'd0000000-0000-0000-0002-000000000000', 'Бэклог спринта', 'initial',     1, true),
    ('d0000000-0000-0000-0002-000000000002', 'd0000000-0000-0000-0002-000000000000', 'В работе',       'in_progress', 2, false),
    ('d0000000-0000-0000-0002-000000000003', 'd0000000-0000-0000-0002-000000000000', 'На проверке',    'in_progress', 3, false),
    ('d0000000-0000-0000-0002-000000000004', 'd0000000-0000-0000-0002-000000000000', 'Выполнено',      'completed',   4, false)
ON CONFLICT (id) DO NOTHING;

-- INF (Kanban)
INSERT INTO boards (id, project_id, name, description, sort_order, is_default, priority_type, estimation_unit, swimlane_group_by, priority_options) VALUES
    ('d0000000-0000-0000-0003-000000000000', 'c0000000-0000-0000-0003-000000000000',
     'Основная доска', 'Kanban-доска с поддержкой WIP лимитов', 1, true, 'service_class', 'time',
     '00000000-0000-0000-0001-000000000008',
     '["Ускоренный","С фиксированной датой","Стандартный","Нематериальный"]'::jsonb)
ON CONFLICT (id) DO NOTHING;

INSERT INTO columns (id, board_id, name, system_type, wip_limit, sort_order, is_locked) VALUES
    ('d0000000-0000-0000-0003-000000000001', 'd0000000-0000-0000-0003-000000000000', 'Надо сделать',    'initial',     NULL, 1, false),
    ('d0000000-0000-0000-0003-000000000002', 'd0000000-0000-0000-0003-000000000000', 'Готово к работе', 'initial',     10,   2, false),
    ('d0000000-0000-0000-0003-000000000003', 'd0000000-0000-0000-0003-000000000000', 'В работе',        'in_progress', 8,    3, false),
    ('d0000000-0000-0000-0003-000000000004', 'd0000000-0000-0000-0003-000000000000', 'На проверке',     'in_progress', 5,    4, false),
    ('d0000000-0000-0000-0003-000000000005', 'd0000000-0000-0000-0003-000000000000', 'Выполнено',       'completed',   NULL, 5, false)
ON CONFLICT (id) DO NOTHING;

INSERT INTO swimlanes (id, board_id, name, sort_order) VALUES
    ('d0000000-0000-0000-0003-000000000011', 'd0000000-0000-0000-0003-000000000000', 'Ускоренный',            1),
    ('d0000000-0000-0000-0003-000000000012', 'd0000000-0000-0000-0003-000000000000', 'С фиксированной датой', 2),
    ('d0000000-0000-0000-0003-000000000013', 'd0000000-0000-0000-0003-000000000000', 'Стандартный',           3),
    ('d0000000-0000-0000-0003-000000000014', 'd0000000-0000-0000-0003-000000000000', 'Нематериальный',        4)
ON CONFLICT (id) DO NOTHING;

-- SITE (Kanban)
INSERT INTO boards (id, project_id, name, description, sort_order, is_default, priority_type, estimation_unit, swimlane_group_by, priority_options) VALUES
    ('d0000000-0000-0000-0004-000000000000', 'c0000000-0000-0000-0004-000000000000',
     'Основная доска', 'Kanban-доска с поддержкой WIP лимитов', 1, true, 'service_class', 'time',
     '00000000-0000-0000-0001-000000000008',
     '["Ускоренный","С фиксированной датой","Стандартный","Нематериальный"]'::jsonb)
ON CONFLICT (id) DO NOTHING;

INSERT INTO columns (id, board_id, name, system_type, wip_limit, sort_order, is_locked) VALUES
    ('d0000000-0000-0000-0004-000000000001', 'd0000000-0000-0000-0004-000000000000', 'Надо сделать',    'initial',     NULL, 1, false),
    ('d0000000-0000-0000-0004-000000000002', 'd0000000-0000-0000-0004-000000000000', 'Готово к работе', 'initial',     8,    2, false),
    ('d0000000-0000-0000-0004-000000000003', 'd0000000-0000-0000-0004-000000000000', 'В работе',        'in_progress', 6,    3, false),
    ('d0000000-0000-0000-0004-000000000004', 'd0000000-0000-0000-0004-000000000000', 'На проверке',     'in_progress', 4,    4, false),
    ('d0000000-0000-0000-0004-000000000005', 'd0000000-0000-0000-0004-000000000000', 'Выполнено',       'completed',   NULL, 5, false)
ON CONFLICT (id) DO NOTHING;

INSERT INTO swimlanes (id, board_id, name, sort_order) VALUES
    ('d0000000-0000-0000-0004-000000000011', 'd0000000-0000-0000-0004-000000000000', 'Ускоренный',            1),
    ('d0000000-0000-0000-0004-000000000012', 'd0000000-0000-0000-0004-000000000000', 'С фиксированной датой', 2),
    ('d0000000-0000-0000-0004-000000000013', 'd0000000-0000-0000-0004-000000000000', 'Стандартный',           3),
    ('d0000000-0000-0000-0004-000000000014', 'd0000000-0000-0000-0004-000000000000', 'Нематериальный',        4)
ON CONFLICT (id) DO NOTHING;

-- ======================== 8. Проектные роли «Администратор проекта» ========================

INSERT INTO roles (id, scope, project_id, name, description, is_admin) VALUES
    ('e0000000-0000-0000-0001-000000000001', 'project', 'c0000000-0000-0000-0001-000000000000', 'Администратор проекта', 'Полный доступ', true),
    ('e0000000-0000-0000-0002-000000000001', 'project', 'c0000000-0000-0000-0002-000000000000', 'Администратор проекта', 'Полный доступ', true),
    ('e0000000-0000-0000-0003-000000000001', 'project', 'c0000000-0000-0000-0003-000000000000', 'Администратор проекта', 'Полный доступ', true),
    ('e0000000-0000-0000-0004-000000000001', 'project', 'c0000000-0000-0000-0004-000000000000', 'Администратор проекта', 'Полный доступ', true)
ON CONFLICT (id) DO NOTHING;

INSERT INTO role_permissions (role_id, permission_code, access)
SELECT r.id, perm, 'full'
FROM (VALUES
    ('e0000000-0000-0000-0001-000000000001'::uuid),
    ('e0000000-0000-0000-0002-000000000001'::uuid),
    ('e0000000-0000-0000-0003-000000000001'::uuid),
    ('e0000000-0000-0000-0004-000000000001'::uuid)
) AS r(id)
CROSS JOIN (VALUES
    ('project.boards'),
    ('project.tasks'),
    ('project.sprints'),
    ('project.settings'),
    ('project.members'),
    ('project.roles'),
    ('project.analytics')
) AS p(perm)
ON CONFLICT DO NOTHING;

-- Дополнительная роль «Разработчик» для каждого проекта (полный доступ к задачам, просмотр остального)
INSERT INTO roles (id, scope, project_id, name, description, is_admin) VALUES
    ('e0000000-0000-0000-0001-000000000002', 'project', 'c0000000-0000-0000-0001-000000000000', 'Разработчик', 'Работа с задачами', false),
    ('e0000000-0000-0000-0002-000000000002', 'project', 'c0000000-0000-0000-0002-000000000000', 'Разработчик', 'Работа с задачами', false),
    ('e0000000-0000-0000-0003-000000000002', 'project', 'c0000000-0000-0000-0003-000000000000', 'Разработчик', 'Работа с задачами', false),
    ('e0000000-0000-0000-0004-000000000002', 'project', 'c0000000-0000-0000-0004-000000000000', 'Разработчик', 'Работа с задачами', false)
ON CONFLICT (id) DO NOTHING;

INSERT INTO role_permissions (role_id, permission_code, access)
SELECT r.id, perm, acc
FROM (VALUES
    ('e0000000-0000-0000-0001-000000000002'::uuid),
    ('e0000000-0000-0000-0002-000000000002'::uuid),
    ('e0000000-0000-0000-0003-000000000002'::uuid),
    ('e0000000-0000-0000-0004-000000000002'::uuid)
) AS r(id)
CROSS JOIN (VALUES
    ('project.tasks',    'full'),
    ('project.boards',   'view'),
    ('project.sprints',  'view'),
    ('project.analytics','view')
) AS p(perm, acc)
ON CONFLICT DO NOTHING;

-- ======================== 9. Участники проектов ========================
-- Для каждого проекта выбираем диапазон employee-номеров. Владелец — admin-роль, остальные — Разработчик.
-- MOB  (Scrum, 30 участников):  employee001..010 + 011..020 + 081..090
-- MKT  (Scrum, 35 участников):  employee001..005 + 021..045 + 051..055 + 111
-- INF  (Kanban, 25 участников): employee003 + 031..045 + 096..100 + 111..115
-- SITE (Kanban, 28 участников): employee004,005,008 + 046..050 + 071..080 + 101..105 + 116..120

-- Временная таблица-мэппинг проект→список employee-номеров
CREATE TEMP TABLE _members_mapping (
    project_id UUID,
    employee_n INT,
    is_admin BOOLEAN,
    member_n INT
);

-- MOB (30 участников, владелец employee001)
INSERT INTO _members_mapping (project_id, employee_n, is_admin, member_n)
SELECT 'c0000000-0000-0000-0001-000000000000'::uuid,
       emp_n,
       (emp_n = 1),
       row_number() OVER (ORDER BY emp_n)
FROM unnest(ARRAY[1,2,3,4,5,6,7,8,9,10, 11,12,13,14,15,16,17,18,19,20, 81,82,83,84,85,86,87,88,89,90]) AS emp_n;

-- MKT (35 участников, владелец employee002)
INSERT INTO _members_mapping (project_id, employee_n, is_admin, member_n)
SELECT 'c0000000-0000-0000-0002-000000000000'::uuid,
       emp_n,
       (emp_n = 2),
       row_number() OVER (ORDER BY emp_n)
FROM unnest(ARRAY[1,2,3,4,5, 21,22,23,24,25,26,27,28,29,30, 31,32,33,34,35,36,37,38,39,40, 41,42,43,44,45, 51,52,53,54,55, 111]) AS emp_n;

-- INF (25 участников, владелец employee003)
INSERT INTO _members_mapping (project_id, employee_n, is_admin, member_n)
SELECT 'c0000000-0000-0000-0003-000000000000'::uuid,
       emp_n,
       (emp_n = 3),
       row_number() OVER (ORDER BY emp_n)
FROM unnest(ARRAY[3, 31,32,33,34,35,36,37,38,39,40, 41,42,43,44,45, 96,97,98,99,100, 111,112,113,114,115]) AS emp_n;

-- SITE (28 участников, владелец employee004)
INSERT INTO _members_mapping (project_id, employee_n, is_admin, member_n)
SELECT 'c0000000-0000-0000-0004-000000000000'::uuid,
       emp_n,
       (emp_n = 4),
       row_number() OVER (ORDER BY emp_n)
FROM unnest(ARRAY[4,5,8, 46,47,48,49,50, 71,72,73,74,75,76,77,78,79,80, 101,102,103,104,105, 116,117,118,119,120]) AS emp_n;

-- Создаём members
INSERT INTO members (id, project_id, user_id)
SELECT
    -- UUID члена: project-суффикс в 4-й группе (0001..0004), member_n в 5-й группе
    ('c1000000-0000-0000-' ||
      lpad(split_part(mm.project_id::text, '-', 4), 4, '0') ||
      '-' || lpad(mm.member_n::text, 12, '0'))::uuid,
    mm.project_id,
    ('b0000000-0000-0000-0000-' || lpad(mm.employee_n::text, 12, '0'))::uuid
FROM _members_mapping mm
ON CONFLICT (project_id, user_id) DO NOTHING;

-- Назначаем роли: владельцу — Администратор проекта, остальным — Разработчик
INSERT INTO member_roles (member_id, role_id)
SELECT
    ('c1000000-0000-0000-' ||
      lpad(split_part(mm.project_id::text, '-', 4), 4, '0') ||
      '-' || lpad(mm.member_n::text, 12, '0'))::uuid,
    CASE
        WHEN mm.is_admin THEN ('e0000000-0000-0000-' || split_part(mm.project_id::text, '-', 4) || '-000000000001')::uuid
        ELSE                   ('e0000000-0000-0000-' || split_part(mm.project_id::text, '-', 4) || '-000000000002')::uuid
    END
FROM _members_mapping mm
ON CONFLICT DO NOTHING;

-- ======================== 10. Спринты ========================
-- 6 двухнедельных спринтов (пн-пт × 2) для каждого Scrum-проекта.
-- Sprint 1: 02.02–13.02 (completed)
-- Sprint 2: 16.02–27.02 (completed)
-- Sprint 3: 02.03–13.03 (completed)
-- Sprint 4: 16.03–27.03 (completed)
-- Sprint 5: 30.03–10.04 (completed)
-- Sprint 6: 13.04–24.04 (active — сегодня 16.04.2026)

INSERT INTO sprints (id, project_id, name, goal, start_date, end_date, status, created_at, updated_at) VALUES
    -- MOB sprints
    ('f0000000-0000-0000-0001-000000000001', 'c0000000-0000-0000-0001-000000000000', 'Спринт 1',  'Каркас приложения и базовая авторизация',            '2026-02-02', '2026-02-13', 'completed', '2026-02-01 18:00:00+03', '2026-02-13 18:00:00+03'),
    ('f0000000-0000-0000-0001-000000000002', 'c0000000-0000-0000-0001-000000000000', 'Спринт 2',  'Главный экран и список счетов',                      '2026-02-16', '2026-02-27', 'completed', '2026-02-15 18:00:00+03', '2026-02-27 18:00:00+03'),
    ('f0000000-0000-0000-0001-000000000003', 'c0000000-0000-0000-0001-000000000000', 'Спринт 3',  'Переводы между своими счетами + между клиентами',    '2026-03-02', '2026-03-13', 'completed', '2026-03-01 18:00:00+03', '2026-03-13 18:00:00+03'),
    ('f0000000-0000-0000-0001-000000000004', 'c0000000-0000-0000-0001-000000000000', 'Спринт 4',  'Платежи по реквизитам + шаблоны',                    '2026-03-16', '2026-03-27', 'completed', '2026-03-15 18:00:00+03', '2026-03-27 18:00:00+03'),
    ('f0000000-0000-0000-0001-000000000005', 'c0000000-0000-0000-0001-000000000000', 'Спринт 5',  'Биометрия и push-уведомления',                       '2026-03-30', '2026-04-10', 'completed', '2026-03-29 18:00:00+03', '2026-04-10 18:00:00+03'),
    ('f0000000-0000-0000-0001-000000000006', 'c0000000-0000-0000-0001-000000000000', 'Спринт 6',  'Вклады: открытие, пополнение, расчёт процентов',     '2026-04-13', '2026-04-24', 'active',    '2026-04-12 18:00:00+03', '2026-04-13 09:30:00+03'),

    -- MKT sprints
    ('f0000000-0000-0000-0002-000000000001', 'c0000000-0000-0000-0002-000000000000', 'Спринт 1',  'Личный кабинет продавца и подключение аккаунта',     '2026-02-02', '2026-02-13', 'completed', '2026-02-01 18:00:00+03', '2026-02-13 18:00:00+03'),
    ('f0000000-0000-0000-0002-000000000002', 'c0000000-0000-0000-0002-000000000000', 'Спринт 2',  'Каталог товаров: CRUD карточек',                     '2026-02-16', '2026-02-27', 'completed', '2026-02-15 18:00:00+03', '2026-02-27 18:00:00+03'),
    ('f0000000-0000-0000-0002-000000000003', 'c0000000-0000-0000-0002-000000000000', 'Спринт 3',  'Управление ценами и скидками',                       '2026-03-02', '2026-03-13', 'completed', '2026-03-01 18:00:00+03', '2026-03-13 18:00:00+03'),
    ('f0000000-0000-0000-0002-000000000004', 'c0000000-0000-0000-0002-000000000000', 'Спринт 4',  'Складские остатки и синхронизация с ERP',            '2026-03-16', '2026-03-27', 'completed', '2026-03-15 18:00:00+03', '2026-03-27 18:00:00+03'),
    ('f0000000-0000-0000-0002-000000000005', 'c0000000-0000-0000-0002-000000000000', 'Спринт 5',  'Аналитика продаж и выгрузки',                        '2026-03-30', '2026-04-10', 'completed', '2026-03-29 18:00:00+03', '2026-04-10 18:00:00+03'),
    ('f0000000-0000-0000-0002-000000000006', 'c0000000-0000-0000-0002-000000000000', 'Спринт 6',  'API для интеграций с учётными системами',            '2026-04-13', '2026-04-24', 'active',    '2026-04-12 18:00:00+03', '2026-04-13 09:30:00+03')
ON CONFLICT (id) DO NOTHING;

-- ======================== 11. Задачи ========================
-- Темы, по которым генерируются задачи (по 20 тематических названий для каждого проекта).
-- Затем генерация продолжается формульно «Задача #N по теме …» до нужного количества.

CREATE TEMP TABLE _task_topics (
    project_id UUID,
    topic_n INT,
    topic_name TEXT
);

-- MOB (25 тем)
INSERT INTO _task_topics VALUES
    ('c0000000-0000-0000-0001-000000000000'::uuid, 1,  'Реализовать экран входа по логину и паролю'),
    ('c0000000-0000-0000-0001-000000000000'::uuid, 2,  'Добавить вход по Face ID / Touch ID'),
    ('c0000000-0000-0000-0001-000000000000'::uuid, 3,  'Настроить refresh-токен и автопродление сессии'),
    ('c0000000-0000-0000-0001-000000000000'::uuid, 4,  'Главный экран: показать остатки по счетам'),
    ('c0000000-0000-0000-0001-000000000000'::uuid, 5,  'Виджет последних операций на главном экране'),
    ('c0000000-0000-0000-0001-000000000000'::uuid, 6,  'Перевод между своими счетами'),
    ('c0000000-0000-0000-0001-000000000000'::uuid, 7,  'Перевод по номеру телефона через СБП'),
    ('c0000000-0000-0000-0001-000000000000'::uuid, 8,  'Перевод по реквизитам юридического лица'),
    ('c0000000-0000-0000-0001-000000000000'::uuid, 9,  'Сохранение шаблонов платежей'),
    ('c0000000-0000-0000-0001-000000000000'::uuid, 10, 'Оплата услуг ЖКХ'),
    ('c0000000-0000-0000-0001-000000000000'::uuid, 11, 'Оплата мобильной связи'),
    ('c0000000-0000-0000-0001-000000000000'::uuid, 12, 'Push-уведомления по операциям'),
    ('c0000000-0000-0000-0001-000000000000'::uuid, 13, 'История операций с фильтрами и поиском'),
    ('c0000000-0000-0000-0001-000000000000'::uuid, 14, 'Экспорт выписки в PDF'),
    ('c0000000-0000-0000-0001-000000000000'::uuid, 15, 'Открытие вклада онлайн'),
    ('c0000000-0000-0000-0001-000000000000'::uuid, 16, 'Пополнение вклада'),
    ('c0000000-0000-0000-0001-000000000000'::uuid, 17, 'Калькулятор доходности вклада'),
    ('c0000000-0000-0000-0001-000000000000'::uuid, 18, 'Блокировка карты из приложения'),
    ('c0000000-0000-0000-0001-000000000000'::uuid, 19, 'Заказ и активация новой карты'),
    ('c0000000-0000-0000-0001-000000000000'::uuid, 20, 'Настройка лимитов по карте'),
    ('c0000000-0000-0000-0001-000000000000'::uuid, 21, 'Чат с поддержкой'),
    ('c0000000-0000-0000-0001-000000000000'::uuid, 22, 'Настройки профиля и подтверждение email'),
    ('c0000000-0000-0000-0001-000000000000'::uuid, 23, 'Интеграция с бюро кредитных историй'),
    ('c0000000-0000-0000-0001-000000000000'::uuid, 24, 'Аналитика расходов по категориям'),
    ('c0000000-0000-0000-0001-000000000000'::uuid, 25, 'Оффлайн-режим просмотра последних операций');

-- MKT (25 тем)
INSERT INTO _task_topics VALUES
    ('c0000000-0000-0000-0002-000000000000'::uuid, 1,  'Регистрация продавца и проверка ЕГРЮЛ'),
    ('c0000000-0000-0000-0002-000000000000'::uuid, 2,  'Модерация карточек новых товаров'),
    ('c0000000-0000-0000-0002-000000000000'::uuid, 3,  'Массовая загрузка каталога через XLSX'),
    ('c0000000-0000-0000-0002-000000000000'::uuid, 4,  'Редактор карточки товара: характеристики'),
    ('c0000000-0000-0000-0002-000000000000'::uuid, 5,  'Галерея изображений товара с редактором'),
    ('c0000000-0000-0000-0002-000000000000'::uuid, 6,  'Управление вариантами товара (размер, цвет)'),
    ('c0000000-0000-0000-0002-000000000000'::uuid, 7,  'Управление ценами: базовая цена и скидки'),
    ('c0000000-0000-0000-0002-000000000000'::uuid, 8,  'Промо-акции: купоны и промо-коды'),
    ('c0000000-0000-0000-0002-000000000000'::uuid, 9,  'Складские остатки по нескольким складам'),
    ('c0000000-0000-0000-0002-000000000000'::uuid, 10, 'Синхронизация остатков с 1С через REST'),
    ('c0000000-0000-0000-0002-000000000000'::uuid, 11, 'Уведомления продавцу о новых заказах'),
    ('c0000000-0000-0000-0002-000000000000'::uuid, 12, 'Кабинет по обработке заказов продавца'),
    ('c0000000-0000-0000-0002-000000000000'::uuid, 13, 'Печать этикеток и накладных'),
    ('c0000000-0000-0000-0002-000000000000'::uuid, 14, 'Отчёт по продажам за период'),
    ('c0000000-0000-0000-0002-000000000000'::uuid, 15, 'Выгрузка данных для налогового учёта'),
    ('c0000000-0000-0000-0002-000000000000'::uuid, 16, 'Работа с возвратами и претензиями'),
    ('c0000000-0000-0000-0002-000000000000'::uuid, 17, 'Рейтинг товара и отзывы покупателей'),
    ('c0000000-0000-0000-0002-000000000000'::uuid, 18, 'Ответы продавца на отзывы'),
    ('c0000000-0000-0000-0002-000000000000'::uuid, 19, 'Аналитика конверсии карточек'),
    ('c0000000-0000-0000-0002-000000000000'::uuid, 20, 'API для интеграции с учётными системами'),
    ('c0000000-0000-0000-0002-000000000000'::uuid, 21, 'Вебхуки на события заказов'),
    ('c0000000-0000-0000-0002-000000000000'::uuid, 22, 'Квоты и лимиты API для продавцов'),
    ('c0000000-0000-0000-0002-000000000000'::uuid, 23, 'Биллинг: комиссии площадки'),
    ('c0000000-0000-0000-0002-000000000000'::uuid, 24, 'Настройка тарифных планов'),
    ('c0000000-0000-0000-0002-000000000000'::uuid, 25, 'Служба поддержки: тикет-система для продавцов');

-- INF (25 тем)
INSERT INTO _task_topics VALUES
    ('c0000000-0000-0000-0003-000000000000'::uuid, 1,  'Собрать кластер K8s v1.29 в продовом контуре'),
    ('c0000000-0000-0000-0003-000000000000'::uuid, 2,  'Настроить Ingress-контроллер (nginx)'),
    ('c0000000-0000-0000-0003-000000000000'::uuid, 3,  'Настроить cert-manager и Let''s Encrypt'),
    ('c0000000-0000-0000-0003-000000000000'::uuid, 4,  'Развернуть мониторинг: Prometheus + Grafana'),
    ('c0000000-0000-0000-0003-000000000000'::uuid, 5,  'Настроить алерты по SLO'),
    ('c0000000-0000-0000-0003-000000000000'::uuid, 6,  'Развернуть централизованное логирование (Loki)'),
    ('c0000000-0000-0000-0003-000000000000'::uuid, 7,  'Настроить tracing через OpenTelemetry'),
    ('c0000000-0000-0000-0003-000000000000'::uuid, 8,  'Перевести сервис auth-api в K8s'),
    ('c0000000-0000-0000-0003-000000000000'::uuid, 9,  'Перевести сервис payments-api в K8s'),
    ('c0000000-0000-0000-0003-000000000000'::uuid, 10, 'Перевести сервис notifications-worker в K8s'),
    ('c0000000-0000-0000-0003-000000000000'::uuid, 11, 'Настроить HPA для payments-api'),
    ('c0000000-0000-0000-0003-000000000000'::uuid, 12, 'Написать Helm-чарт для шаблонов сервисов'),
    ('c0000000-0000-0000-0003-000000000000'::uuid, 13, 'Внедрить GitOps через ArgoCD'),
    ('c0000000-0000-0000-0003-000000000000'::uuid, 14, 'Настроить backup etcd и PITR'),
    ('c0000000-0000-0000-0003-000000000000'::uuid, 15, 'Перевести CI/CD с Jenkins на GitLab CI'),
    ('c0000000-0000-0000-0003-000000000000'::uuid, 16, 'Настроить secrets через Vault'),
    ('c0000000-0000-0000-0003-000000000000'::uuid, 17, 'Настроить NetworkPolicy между неймспейсами'),
    ('c0000000-0000-0000-0003-000000000000'::uuid, 18, 'Провести нагрузочное тестирование после миграции'),
    ('c0000000-0000-0000-0003-000000000000'::uuid, 19, 'Написать runbook для инцидентов'),
    ('c0000000-0000-0000-0003-000000000000'::uuid, 20, 'Организовать дежурство on-call 24/7'),
    ('c0000000-0000-0000-0003-000000000000'::uuid, 21, 'Упразднить VM со старыми сервисами'),
    ('c0000000-0000-0000-0003-000000000000'::uuid, 22, 'Настроить canary-деплой для критичных сервисов'),
    ('c0000000-0000-0000-0003-000000000000'::uuid, 23, 'Провести аудит безопасности кластера'),
    ('c0000000-0000-0000-0003-000000000000'::uuid, 24, 'Оптимизация стоимости: spot-ноды для stateless'),
    ('c0000000-0000-0000-0003-000000000000'::uuid, 25, 'Документация по архитектуре кластера');

-- SITE (25 тем)
INSERT INTO _task_topics VALUES
    ('c0000000-0000-0000-0004-000000000000'::uuid, 1,  'Дизайн главной страницы корпоративного сайта'),
    ('c0000000-0000-0000-0004-000000000000'::uuid, 2,  'Вёрстка главной страницы под все разрешения'),
    ('c0000000-0000-0000-0004-000000000000'::uuid, 3,  'Дизайн страницы «О компании»'),
    ('c0000000-0000-0000-0004-000000000000'::uuid, 4,  'Вёрстка страницы «О компании»'),
    ('c0000000-0000-0000-0004-000000000000'::uuid, 5,  'Раздел «Услуги»: список карточек'),
    ('c0000000-0000-0000-0004-000000000000'::uuid, 6,  'Раздел «Услуги»: карточка услуги'),
    ('c0000000-0000-0000-0004-000000000000'::uuid, 7,  'Раздел «Новости»: список с фильтрацией'),
    ('c0000000-0000-0000-0004-000000000000'::uuid, 8,  'Раздел «Новости»: детальная страница'),
    ('c0000000-0000-0000-0004-000000000000'::uuid, 9,  'Форма обратной связи с капчей'),
    ('c0000000-0000-0000-0004-000000000000'::uuid, 10, 'Страница вакансий с фильтрами'),
    ('c0000000-0000-0000-0004-000000000000'::uuid, 11, 'Форма отклика на вакансию'),
    ('c0000000-0000-0000-0004-000000000000'::uuid, 12, 'CMS: создание и редактирование новостей'),
    ('c0000000-0000-0000-0004-000000000000'::uuid, 13, 'CMS: WYSIWYG-редактор контента'),
    ('c0000000-0000-0000-0004-000000000000'::uuid, 14, 'CMS: управление медиатекой'),
    ('c0000000-0000-0000-0004-000000000000'::uuid, 15, 'CMS: права доступа ролей редакторов'),
    ('c0000000-0000-0000-0004-000000000000'::uuid, 16, 'CMS: версионирование черновиков'),
    ('c0000000-0000-0000-0004-000000000000'::uuid, 17, 'Интеграция с системой рассылок'),
    ('c0000000-0000-0000-0004-000000000000'::uuid, 18, 'SEO: мета-теги, sitemap.xml, robots.txt'),
    ('c0000000-0000-0000-0004-000000000000'::uuid, 19, 'Настройка микроразметки Schema.org'),
    ('c0000000-0000-0000-0004-000000000000'::uuid, 20, 'Оптимизация Core Web Vitals'),
    ('c0000000-0000-0000-0004-000000000000'::uuid, 21, 'Интеграция с Яндекс.Метрикой'),
    ('c0000000-0000-0000-0004-000000000000'::uuid, 22, 'Локализация на английский'),
    ('c0000000-0000-0000-0004-000000000000'::uuid, 23, 'Мультидоменность (RU/EN версии)'),
    ('c0000000-0000-0000-0004-000000000000'::uuid, 24, 'Политика cookies и согласие на обработку ПД'),
    ('c0000000-0000-0000-0004-000000000000'::uuid, 25, 'Развёртывание на CDN и настройка кеширования');

-- Вспомогательная функция: выбор случайного члена проекта (по детерминированному seed)
-- Используем member_n из маппинга — это порядковый номер (1..N).

-- Генерируем задачи: 100 для MOB, 120 для MKT, 90 для INF, 90 для SITE.
-- Поле `priority` (Scrum — Низкий/Средний/Высокий/Критичный, Kanban — классы обслуживания).
-- Поле `estimation` (Scrum — story points в виде числа, Kanban — строка времени).
-- Дата создания распределена пн-пт в период 02.02.2026–16.04.2026.
-- Статусы распределены: 40% completed, 25% in_progress, 20% review, 15% backlog/new.

CREATE TEMP TABLE _task_plan (
    project_id UUID,
    task_n INT,
    task_count INT
);

INSERT INTO _task_plan VALUES
    ('c0000000-0000-0000-0001-000000000000'::uuid, 0, 100),  -- MOB
    ('c0000000-0000-0000-0002-000000000000'::uuid, 0, 120),  -- MKT
    ('c0000000-0000-0000-0003-000000000000'::uuid, 0, 90),   -- INF
    ('c0000000-0000-0000-0004-000000000000'::uuid, 0, 90);   -- SITE

-- Генерируем строки задач
CREATE TEMP TABLE _tasks_to_insert (
    id UUID,
    key TEXT,
    project_id UUID,
    board_id UUID,
    owner_member_n INT,
    executor_member_n INT,
    name TEXT,
    column_id UUID,
    swimlane_id UUID,
    priority TEXT,
    estimation TEXT,
    created_at TIMESTAMPTZ,
    status_bucket TEXT,  -- 'backlog'|'inprogress'|'review'|'done'
    assigned_sprint_n INT  -- 1..6, NULL для kanban или backlog
);

-- MOB: 100 tasks
INSERT INTO _tasks_to_insert
SELECT
    ('e1000000-0000-0000-0001-' || lpad(n::text, 12, '0'))::uuid AS id,
    'MOB-' || n AS key,
    'c0000000-0000-0000-0001-000000000000'::uuid AS project_id,
    'd0000000-0000-0000-0001-000000000000'::uuid AS board_id,
    ((n * 7) % 30) + 1 AS owner_member_n,
    ((n * 13) % 30) + 1 AS executor_member_n,
    CASE WHEN n <= 25 THEN tt.topic_name
         ELSE tt.topic_name || ' — доработка #' || ((n - 25) / 5 + 1)
    END AS name,
    NULL::uuid AS column_id,  -- заполним ниже
    NULL::uuid AS swimlane_id,
    (ARRAY['Низкий','Средний','Высокий','Критичный'])[((n * 3) % 4) + 1] AS priority,
    ((n * 2) % 13 + 1)::text AS estimation,  -- SP: 1..13
    NULL::timestamptz AS created_at,
    NULL::text AS status_bucket,
    NULL::int AS assigned_sprint_n
FROM generate_series(1, 100) AS n
JOIN _task_topics tt ON tt.project_id = 'c0000000-0000-0000-0001-000000000000'::uuid
                     AND tt.topic_n = ((n - 1) % 25) + 1;

-- MKT: 120 tasks
INSERT INTO _tasks_to_insert
SELECT
    ('e1000000-0000-0000-0002-' || lpad(n::text, 12, '0'))::uuid,
    'MKT-' || n,
    'c0000000-0000-0000-0002-000000000000'::uuid,
    'd0000000-0000-0000-0002-000000000000'::uuid,
    ((n * 7) % 35) + 1,
    ((n * 13) % 35) + 1,
    CASE WHEN n <= 25 THEN tt.topic_name
         ELSE tt.topic_name || ' — доработка #' || ((n - 25) / 5 + 1)
    END,
    NULL::uuid, NULL::uuid,
    (ARRAY['Низкий','Средний','Высокий','Критичный'])[((n * 3) % 4) + 1],
    ((n * 2) % 13 + 1)::text,
    NULL::timestamptz, NULL::text, NULL::int
FROM generate_series(1, 120) AS n
JOIN _task_topics tt ON tt.project_id = 'c0000000-0000-0000-0002-000000000000'::uuid
                     AND tt.topic_n = ((n - 1) % 25) + 1;

-- INF: 90 tasks (Kanban — priority = service class, estimation = время)
INSERT INTO _tasks_to_insert
SELECT
    ('e1000000-0000-0000-0003-' || lpad(n::text, 12, '0'))::uuid,
    'INF-' || n,
    'c0000000-0000-0000-0003-000000000000'::uuid,
    'd0000000-0000-0000-0003-000000000000'::uuid,
    ((n * 7) % 25) + 1,
    ((n * 13) % 25) + 1,
    CASE WHEN n <= 25 THEN tt.topic_name
         ELSE tt.topic_name || ' — итерация #' || ((n - 25) / 5 + 1)
    END,
    NULL::uuid, NULL::uuid,
    (ARRAY['Ускоренный','С фиксированной датой','Стандартный','Нематериальный'])[((n * 3) % 4) + 1],
    ((n * 3) % 8 + 1)::text || 'ч',
    NULL::timestamptz, NULL::text, NULL::int
FROM generate_series(1, 90) AS n
JOIN _task_topics tt ON tt.project_id = 'c0000000-0000-0000-0003-000000000000'::uuid
                     AND tt.topic_n = ((n - 1) % 25) + 1;

-- SITE: 90 tasks (Kanban)
INSERT INTO _tasks_to_insert
SELECT
    ('e1000000-0000-0000-0004-' || lpad(n::text, 12, '0'))::uuid,
    'SITE-' || n,
    'c0000000-0000-0000-0004-000000000000'::uuid,
    'd0000000-0000-0000-0004-000000000000'::uuid,
    ((n * 7) % 28) + 1,
    ((n * 13) % 28) + 1,
    CASE WHEN n <= 25 THEN tt.topic_name
         ELSE tt.topic_name || ' — итерация #' || ((n - 25) / 5 + 1)
    END,
    NULL::uuid, NULL::uuid,
    (ARRAY['Ускоренный','С фиксированной датой','Стандартный','Нематериальный'])[((n * 3) % 4) + 1],
    ((n * 3) % 8 + 1)::text || 'ч',
    NULL::timestamptz, NULL::text, NULL::int
FROM generate_series(1, 90) AS n
JOIN _task_topics tt ON tt.project_id = 'c0000000-0000-0000-0004-000000000000'::uuid
                     AND tt.topic_n = ((n - 1) % 25) + 1;

-- Распределение статусов: 40% done, 25% in_progress, 20% review, 15% backlog/new (по хэшу id)
-- Для Scrum-задач (MOB, MKT): привязываем к спринту по дате.
-- Для Kanban (INF, SITE): статус через колонку, спринтов нет.

-- Проставляем статус по хэшу от задачи
UPDATE _tasks_to_insert
SET status_bucket = CASE ((abs(hashtext(id::text)) % 100))
    WHEN 0 THEN 'done' ELSE
    CASE
      WHEN (abs(hashtext(id::text)) % 100) < 40 THEN 'done'
      WHEN (abs(hashtext(id::text)) % 100) < 65 THEN 'inprogress'
      WHEN (abs(hashtext(id::text)) % 100) < 85 THEN 'review'
      ELSE 'backlog'
    END
  END;

-- Даты created_at распределяем: от 02.02 до 16.04, только рабочие дни пн-пт, исключая 23 фев и 9 мар (перенос с 8 марта на пн).
-- Для простоты: created_at = 2026-02-02 + ((n * 53) % 53) дней × случай (берём ближайший будний день).
UPDATE _tasks_to_insert t
SET created_at = (
    -- База: 02.02.2026 (пн) + смещение в днях (0..73 = до 16.04)
    (DATE '2026-02-02' + ((abs(hashtext(t.id::text)) % 74) || ' days')::interval)::timestamptz
    + make_interval(hours => 9 + ((abs(hashtext(t.id::text)) / 7) % 9),
                    mins  => ((abs(hashtext(t.id::text)) / 11) % 60))
);

-- Подвинуть выходные (сб/вс) на ближайший пн
UPDATE _tasks_to_insert
SET created_at = created_at + INTERVAL '2 days'
WHERE EXTRACT(DOW FROM created_at) = 6;  -- суббота → пн
UPDATE _tasks_to_insert
SET created_at = created_at + INTERVAL '1 day'
WHERE EXTRACT(DOW FROM created_at) = 0;  -- воскресенье → пн

-- Проставляем column_id и swimlane_id по статусу и типу проекта

-- SCRUM: MOB
UPDATE _tasks_to_insert
SET column_id = CASE status_bucket
    WHEN 'backlog'    THEN 'd0000000-0000-0000-0001-000000000001'::uuid
    WHEN 'inprogress' THEN 'd0000000-0000-0000-0001-000000000002'::uuid
    WHEN 'review'     THEN 'd0000000-0000-0000-0001-000000000003'::uuid
    WHEN 'done'       THEN 'd0000000-0000-0000-0001-000000000004'::uuid
  END
WHERE project_id = 'c0000000-0000-0000-0001-000000000000'::uuid;

-- SCRUM: MKT
UPDATE _tasks_to_insert
SET column_id = CASE status_bucket
    WHEN 'backlog'    THEN 'd0000000-0000-0000-0002-000000000001'::uuid
    WHEN 'inprogress' THEN 'd0000000-0000-0000-0002-000000000002'::uuid
    WHEN 'review'     THEN 'd0000000-0000-0000-0002-000000000003'::uuid
    WHEN 'done'       THEN 'd0000000-0000-0000-0002-000000000004'::uuid
  END
WHERE project_id = 'c0000000-0000-0000-0002-000000000000'::uuid;

-- KANBAN: INF
UPDATE _tasks_to_insert
SET column_id = CASE status_bucket
    WHEN 'backlog'    THEN 'd0000000-0000-0000-0003-000000000001'::uuid
    WHEN 'inprogress' THEN 'd0000000-0000-0000-0003-000000000003'::uuid
    WHEN 'review'     THEN 'd0000000-0000-0000-0003-000000000004'::uuid
    WHEN 'done'       THEN 'd0000000-0000-0000-0003-000000000005'::uuid
  END,
  swimlane_id = CASE priority
    WHEN 'Ускоренный'            THEN 'd0000000-0000-0000-0003-000000000011'::uuid
    WHEN 'С фиксированной датой' THEN 'd0000000-0000-0000-0003-000000000012'::uuid
    WHEN 'Стандартный'           THEN 'd0000000-0000-0000-0003-000000000013'::uuid
    WHEN 'Нематериальный'        THEN 'd0000000-0000-0000-0003-000000000014'::uuid
  END
WHERE project_id = 'c0000000-0000-0000-0003-000000000000'::uuid;

-- KANBAN: SITE
UPDATE _tasks_to_insert
SET column_id = CASE status_bucket
    WHEN 'backlog'    THEN 'd0000000-0000-0000-0004-000000000001'::uuid
    WHEN 'inprogress' THEN 'd0000000-0000-0000-0004-000000000003'::uuid
    WHEN 'review'     THEN 'd0000000-0000-0000-0004-000000000004'::uuid
    WHEN 'done'       THEN 'd0000000-0000-0000-0004-000000000005'::uuid
  END,
  swimlane_id = CASE priority
    WHEN 'Ускоренный'            THEN 'd0000000-0000-0000-0004-000000000011'::uuid
    WHEN 'С фиксированной датой' THEN 'd0000000-0000-0000-0004-000000000012'::uuid
    WHEN 'Стандартный'           THEN 'd0000000-0000-0000-0004-000000000013'::uuid
    WHEN 'Нематериальный'        THEN 'd0000000-0000-0000-0004-000000000014'::uuid
  END
WHERE project_id = 'c0000000-0000-0000-0004-000000000000'::uuid;

-- Привязка спринта для Scrum-задач: по дате created_at падает в один из 6 спринтов.
-- Backlog-задачи остаются без спринта (в бэклоге продукта).
UPDATE _tasks_to_insert
SET assigned_sprint_n = CASE
    WHEN created_at::date >= '2026-02-02' AND created_at::date <= '2026-02-13' THEN 1
    WHEN created_at::date >= '2026-02-16' AND created_at::date <= '2026-02-27' THEN 2
    WHEN created_at::date >= '2026-03-02' AND created_at::date <= '2026-03-13' THEN 3
    WHEN created_at::date >= '2026-03-16' AND created_at::date <= '2026-03-27' THEN 4
    WHEN created_at::date >= '2026-03-30' AND created_at::date <= '2026-04-10' THEN 5
    WHEN created_at::date >= '2026-04-13' THEN 6
    ELSE NULL
  END
WHERE project_id IN ('c0000000-0000-0000-0001-000000000000'::uuid, 'c0000000-0000-0000-0002-000000000000'::uuid)
  AND status_bucket != 'backlog';

-- Вставляем задачи
INSERT INTO tasks (id, key, project_id, board_id, owner_id, executor_id, name, column_id, swimlane_id, priority, estimation, created_at)
SELECT
    t.id,
    t.key,
    t.project_id,
    t.board_id,
    -- owner: members.id по формуле (proj суффикс + owner_member_n)
    ('c1000000-0000-0000-' || lpad(split_part(t.project_id::text, '-', 4), 4, '0') || '-' || lpad(t.owner_member_n::text, 12, '0'))::uuid,
    -- executor: аналогично (80% задач имеют исполнителя)
    CASE WHEN (abs(hashtext(t.id::text)) % 5) = 0 THEN NULL
         ELSE ('c1000000-0000-0000-' || lpad(split_part(t.project_id::text, '-', 4), 4, '0') || '-' || lpad(t.executor_member_n::text, 12, '0'))::uuid
    END,
    t.name,
    t.column_id,
    t.swimlane_id,
    t.priority,
    t.estimation,
    t.created_at
FROM _tasks_to_insert t
ON CONFLICT (id) DO NOTHING;

-- Привязка задач к спринтам (sprint_tasks)
INSERT INTO sprint_tasks (sprint_id, task_id, sort_order)
SELECT
    ('f0000000-0000-0000-' || lpad(split_part(t.project_id::text, '-', 4), 4, '0') || '-' || lpad(t.assigned_sprint_n::text, 12, '0'))::uuid,
    t.id,
    row_number() OVER (PARTITION BY t.project_id, t.assigned_sprint_n ORDER BY t.created_at)::int
FROM _tasks_to_insert t
WHERE t.assigned_sprint_n IS NOT NULL
ON CONFLICT DO NOTHING;

-- Backlog: Scrum-задачи без спринта попадают в product backlog проекта
INSERT INTO backlog (project_id, task_id, sort_order)
SELECT
    t.project_id,
    t.id,
    row_number() OVER (PARTITION BY t.project_id ORDER BY t.created_at)::int
FROM _tasks_to_insert t
WHERE t.assigned_sprint_n IS NULL
  AND t.project_id IN ('c0000000-0000-0000-0001-000000000000'::uuid, 'c0000000-0000-0000-0002-000000000000'::uuid)
ON CONFLICT DO NOTHING;

-- ======================== 12. Встречи ========================
-- Для Scrum-проектов: ежедневные дейли в 10:00–10:15 по будним дням,
-- спринт-планирования в понедельник первого дня спринта 09:00–10:00,
-- ретро в пятницу последнего дня 16:00–17:00.
-- Для Kanban: еженедельные синки по средам 11:00–12:00.
-- Плюс несколько общих синков всей компании.

-- Вспомогательная таблица дат рабочих дней
CREATE TEMP TABLE _workdays AS
SELECT d::date AS wd
FROM generate_series('2026-02-02'::date, '2026-04-16'::date, '1 day'::interval) d
WHERE EXTRACT(DOW FROM d) BETWEEN 1 AND 5
  AND d::date NOT IN ('2026-02-23', '2026-03-09');  -- 23 фев, перенос с 8 марта

-- MOB дейли (каждый рабочий день, 10:00-10:15)
INSERT INTO meetings (id, project_id, name, description, meeting_type, start_time, end_time, created_by, status)
SELECT
    ('a5000000-0000-0000-0001-' || lpad(row_number() OVER (ORDER BY wd)::text, 12, '0'))::uuid,
    'c0000000-0000-0000-0001-000000000000'::uuid,
    'Daily Scrum MOB',
    'Ежедневная встреча команды мобильного банка',
    'daily',
    (wd + TIME '10:00')::timestamptz,
    (wd + TIME '10:15')::timestamptz,
    'b0000000-0000-0000-0000-000000000001'::uuid,
    'active'
FROM _workdays
ON CONFLICT (id) DO NOTHING;

-- MKT дейли
INSERT INTO meetings (id, project_id, name, description, meeting_type, start_time, end_time, created_by, status)
SELECT
    ('a5000000-0000-0000-0002-' || lpad(row_number() OVER (ORDER BY wd)::text, 12, '0'))::uuid,
    'c0000000-0000-0000-0002-000000000000'::uuid,
    'Daily Scrum MKT',
    'Ежедневная встреча команды маркетплейса',
    'daily',
    (wd + TIME '10:30')::timestamptz,
    (wd + TIME '10:45')::timestamptz,
    'b0000000-0000-0000-0000-000000000002'::uuid,
    'active'
FROM _workdays
ON CONFLICT (id) DO NOTHING;

-- Спринт-планирования для MOB (понедельник первого дня каждого спринта, 09:00-10:00)
INSERT INTO meetings (id, project_id, name, description, meeting_type, start_time, end_time, created_by, status)
SELECT
    ('a5100000-0000-0000-0001-' || lpad(n::text, 12, '0'))::uuid,
    'c0000000-0000-0000-0001-000000000000'::uuid,
    'Планирование спринта ' || n || ' (MOB)',
    'Планирование целей и набора задач в спринт',
    'planning',
    (d + TIME '09:00')::timestamptz,
    (d + TIME '10:00')::timestamptz,
    'b0000000-0000-0000-0000-000000000001'::uuid,
    'active'
FROM (VALUES
    (1, DATE '2026-02-02'),
    (2, DATE '2026-02-16'),
    (3, DATE '2026-03-02'),
    (4, DATE '2026-03-16'),
    (5, DATE '2026-03-30'),
    (6, DATE '2026-04-13')
) AS s(n, d)
ON CONFLICT (id) DO NOTHING;

-- Ретроспективы MOB (пятница последнего дня, 16:00-17:00), только завершённые спринты
INSERT INTO meetings (id, project_id, name, description, meeting_type, start_time, end_time, created_by, status)
SELECT
    ('a5200000-0000-0000-0001-' || lpad(n::text, 12, '0'))::uuid,
    'c0000000-0000-0000-0001-000000000000'::uuid,
    'Ретроспектива спринта ' || n || ' (MOB)',
    'Обсуждение результатов и улучшений',
    'retrospective',
    (d + TIME '16:00')::timestamptz,
    (d + TIME '17:00')::timestamptz,
    'b0000000-0000-0000-0000-000000000001'::uuid,
    'active'
FROM (VALUES
    (1, DATE '2026-02-13'),
    (2, DATE '2026-02-27'),
    (3, DATE '2026-03-13'),
    (4, DATE '2026-03-27'),
    (5, DATE '2026-04-10')
) AS s(n, d)
ON CONFLICT (id) DO NOTHING;

-- Планирования MKT
INSERT INTO meetings (id, project_id, name, description, meeting_type, start_time, end_time, created_by, status)
SELECT
    ('a5100000-0000-0000-0002-' || lpad(n::text, 12, '0'))::uuid,
    'c0000000-0000-0000-0002-000000000000'::uuid,
    'Планирование спринта ' || n || ' (MKT)',
    'Планирование целей и набора задач в спринт',
    'planning',
    (d + TIME '11:00')::timestamptz,
    (d + TIME '12:00')::timestamptz,
    'b0000000-0000-0000-0000-000000000002'::uuid,
    'active'
FROM (VALUES
    (1, DATE '2026-02-02'),
    (2, DATE '2026-02-16'),
    (3, DATE '2026-03-02'),
    (4, DATE '2026-03-16'),
    (5, DATE '2026-03-30'),
    (6, DATE '2026-04-13')
) AS s(n, d)
ON CONFLICT (id) DO NOTHING;

-- Ретроспективы MKT
INSERT INTO meetings (id, project_id, name, description, meeting_type, start_time, end_time, created_by, status)
SELECT
    ('a5200000-0000-0000-0002-' || lpad(n::text, 12, '0'))::uuid,
    'c0000000-0000-0000-0002-000000000000'::uuid,
    'Ретроспектива спринта ' || n || ' (MKT)',
    'Обсуждение результатов и улучшений',
    'retrospective',
    (d + TIME '17:00')::timestamptz,
    (d + TIME '18:00')::timestamptz,
    'b0000000-0000-0000-0000-000000000002'::uuid,
    'active'
FROM (VALUES
    (1, DATE '2026-02-13'),
    (2, DATE '2026-02-27'),
    (3, DATE '2026-03-13'),
    (4, DATE '2026-03-27'),
    (5, DATE '2026-04-10')
) AS s(n, d)
ON CONFLICT (id) DO NOTHING;

-- Kanban-синки по средам (INF и SITE)
INSERT INTO meetings (id, project_id, name, description, meeting_type, start_time, end_time, created_by, status)
SELECT
    ('a5300000-0000-0000-0003-' || lpad(row_number() OVER (ORDER BY wd)::text, 12, '0'))::uuid,
    'c0000000-0000-0000-0003-000000000000'::uuid,
    'Еженедельный синк INF',
    'Обзор WIP, устранение блокеров',
    'sync',
    (wd + TIME '11:00')::timestamptz,
    (wd + TIME '12:00')::timestamptz,
    'b0000000-0000-0000-0000-000000000003'::uuid,
    'active'
FROM _workdays
WHERE EXTRACT(DOW FROM wd) = 3  -- среда
ON CONFLICT (id) DO NOTHING;

INSERT INTO meetings (id, project_id, name, description, meeting_type, start_time, end_time, created_by, status)
SELECT
    ('a5300000-0000-0000-0004-' || lpad(row_number() OVER (ORDER BY wd)::text, 12, '0'))::uuid,
    'c0000000-0000-0000-0004-000000000000'::uuid,
    'Еженедельный синк SITE',
    'Обзор WIP, устранение блокеров',
    'sync',
    (wd + TIME '14:00')::timestamptz,
    (wd + TIME '15:00')::timestamptz,
    'b0000000-0000-0000-0000-000000000004'::uuid,
    'active'
FROM _workdays
WHERE EXTRACT(DOW FROM wd) = 3
ON CONFLICT (id) DO NOTHING;

-- Участники встреч: все члены соответствующего проекта — accepted
INSERT INTO meeting_participants (meeting_id, user_id, status)
SELECT m.id, mm.user_id, 'accepted'
FROM meetings m
JOIN members mm ON mm.project_id = m.project_id
ON CONFLICT (meeting_id, user_id) DO NOTHING;

-- ======================== 13. Теги ========================

INSERT INTO tags (id, board_id, name, created_at) VALUES
    -- MOB
    ('aa000000-0000-0000-0001-000000000001', 'd0000000-0000-0000-0001-000000000000', 'iOS',      '2026-02-02 10:00:00+03'),
    ('aa000000-0000-0000-0001-000000000002', 'd0000000-0000-0000-0001-000000000000', 'Android',  '2026-02-02 10:00:00+03'),
    ('aa000000-0000-0000-0001-000000000003', 'd0000000-0000-0000-0001-000000000000', 'Backend',  '2026-02-02 10:00:00+03'),
    ('aa000000-0000-0000-0001-000000000004', 'd0000000-0000-0000-0001-000000000000', 'UX',       '2026-02-02 10:00:00+03'),
    ('aa000000-0000-0000-0001-000000000005', 'd0000000-0000-0000-0001-000000000000', 'Critical', '2026-02-02 10:00:00+03'),
    -- MKT
    ('aa000000-0000-0000-0002-000000000001', 'd0000000-0000-0000-0002-000000000000', 'API',        '2026-02-02 10:00:00+03'),
    ('aa000000-0000-0000-0002-000000000002', 'd0000000-0000-0000-0002-000000000000', 'UI',         '2026-02-02 10:00:00+03'),
    ('aa000000-0000-0000-0002-000000000003', 'd0000000-0000-0000-0002-000000000000', 'Интеграция', '2026-02-02 10:00:00+03'),
    ('aa000000-0000-0000-0002-000000000004', 'd0000000-0000-0000-0002-000000000000', 'Отчётность', '2026-02-02 10:00:00+03'),
    -- INF
    ('aa000000-0000-0000-0003-000000000001', 'd0000000-0000-0000-0003-000000000000', 'K8s',       '2026-02-02 10:00:00+03'),
    ('aa000000-0000-0000-0003-000000000002', 'd0000000-0000-0000-0003-000000000000', 'CI/CD',     '2026-02-02 10:00:00+03'),
    ('aa000000-0000-0000-0003-000000000003', 'd0000000-0000-0000-0003-000000000000', 'Security',  '2026-02-02 10:00:00+03'),
    ('aa000000-0000-0000-0003-000000000004', 'd0000000-0000-0000-0003-000000000000', 'Monitoring','2026-02-02 10:00:00+03'),
    -- SITE
    ('aa000000-0000-0000-0004-000000000001', 'd0000000-0000-0000-0004-000000000000', 'Дизайн',   '2026-02-02 10:00:00+03'),
    ('aa000000-0000-0000-0004-000000000002', 'd0000000-0000-0000-0004-000000000000', 'Вёрстка',  '2026-02-02 10:00:00+03'),
    ('aa000000-0000-0000-0004-000000000003', 'd0000000-0000-0000-0004-000000000000', 'CMS',      '2026-02-02 10:00:00+03'),
    ('aa000000-0000-0000-0004-000000000004', 'd0000000-0000-0000-0004-000000000000', 'SEO',      '2026-02-02 10:00:00+03')
ON CONFLICT (id) DO NOTHING;

-- Привязка тегов: каждой задаче ~1 случайный тег (по хэшу) для ~50% задач
INSERT INTO task_tags (task_id, tag_id)
SELECT t.id,
    CASE t.project_id
        WHEN 'c0000000-0000-0000-0001-000000000000'::uuid THEN
            ('aa000000-0000-0000-0001-' || lpad(((abs(hashtext(t.id::text)) % 5) + 1)::text, 12, '0'))::uuid
        WHEN 'c0000000-0000-0000-0002-000000000000'::uuid THEN
            ('aa000000-0000-0000-0002-' || lpad(((abs(hashtext(t.id::text)) % 4) + 1)::text, 12, '0'))::uuid
        WHEN 'c0000000-0000-0000-0003-000000000000'::uuid THEN
            ('aa000000-0000-0000-0003-' || lpad(((abs(hashtext(t.id::text)) % 4) + 1)::text, 12, '0'))::uuid
        WHEN 'c0000000-0000-0000-0004-000000000000'::uuid THEN
            ('aa000000-0000-0000-0004-' || lpad(((abs(hashtext(t.id::text)) % 4) + 1)::text, 12, '0'))::uuid
    END
FROM _tasks_to_insert t
WHERE (abs(hashtext(t.id::text)) % 2) = 0  -- ~50% задач
ON CONFLICT (task_id, tag_id) DO NOTHING;

-- ======================== 14. Комментарии ========================
-- Для ~20% задач (по хэшу) добавляем 1-2 комментария от случайного члена проекта.

INSERT INTO comments (id, task_id, author_id, content, created_at, updated_at)
SELECT
    gen_random_uuid(),
    t.id,
    m.user_id,
    (ARRAY[
        'Начал работу, ориентируюсь по описанию.',
        'Уточнил требования у аналитика, обновил задачу.',
        'Жду ревью, тесты написаны.',
        'Нашёл блокер, разбираюсь.',
        'Готово к приёмке, прошу посмотреть.',
        'Сделал декомпозицию, вынес часть в подзадачу.',
        'Есть вопрос по API — напишу в чат.',
        'Доработал по замечаниям.',
        'Нужна консультация дизайнера.',
        'Подключил логирование, проверил сценарий.'
    ])[((abs(hashtext(t.id::text)) / 3) % 10) + 1],
    t.created_at + INTERVAL '2 hours',
    t.created_at + INTERVAL '2 hours'
FROM _tasks_to_insert t
JOIN members m ON m.project_id = t.project_id
WHERE (abs(hashtext(t.id::text)) % 5) = 0  -- каждая 5-я задача
  AND ((abs(hashtext(m.id::text)) % 30) = (abs(hashtext(t.id::text)) % 30))  -- один автор на задачу
ON CONFLICT DO NOTHING;

-- Ответы на ~половину первых комментариев
INSERT INTO comments (id, task_id, author_id, content, parent_comment_id, created_at, updated_at)
SELECT
    gen_random_uuid(),
    c.task_id,
    m.user_id,
    (ARRAY[
        'Посмотрел, всё ок — принимаю.',
        'Вернул на доработку, см. замечания.',
        'Отлично, идём дальше.',
        'Спасибо, закрываем.',
        'Согласен, делай как предлагаешь.'
    ])[((abs(hashtext(c.id::text)) / 7) % 5) + 1],
    c.id,
    c.created_at + INTERVAL '3 hours',
    c.created_at + INTERVAL '3 hours'
FROM comments c
JOIN tasks t ON t.id = c.task_id
JOIN members m ON m.project_id = t.project_id
WHERE (abs(hashtext(c.id::text)) % 2) = 0
  AND ((abs(hashtext(m.id::text)) % 30) = ((abs(hashtext(c.id::text)) + 3) % 30))
ON CONFLICT DO NOTHING;

-- ======================== Очистка временных таблиц ========================

DROP TABLE IF EXISTS _tasks_to_insert;
DROP TABLE IF EXISTS _task_topics;
DROP TABLE IF EXISTS _task_plan;
DROP TABLE IF EXISTS _members_mapping;
DROP TABLE IF EXISTS _workdays;
