-- =============================================================================
-- Projektus — Seed data
-- =============================================================================
SET client_encoding = 'UTF8';

-- ======================== 1. Политика паролей ========================

INSERT INTO password_policy (id, min_length, require_digits, require_lowercase, require_uppercase, require_special, notes)
VALUES ('00000000-0000-0000-0000-000000000001', 8, true, true, true, false, NULL)
ON CONFLICT (id) DO NOTHING;

-- ======================== 2. Системная роль «Администратор системы» ========================

INSERT INTO roles (id, scope, name, description, is_admin, sort_order)
VALUES ('00000000-0000-0000-0001-000000000001', 'system', 'Администратор системы', 'Полный доступ ко всем функциям системы', true, 0)
ON CONFLICT (id) DO NOTHING;

INSERT INTO role_permissions (role_id, permission_code) VALUES
    ('00000000-0000-0000-0001-000000000001', 'system.roles.manage'),
    ('00000000-0000-0000-0001-000000000001', 'system.users.manage'),
    ('00000000-0000-0000-0001-000000000001', 'system.projects.create'),
    ('00000000-0000-0000-0001-000000000001', 'system.projects.view_all'),
    ('00000000-0000-0000-0001-000000000001', 'system.projects.edit_all'),
    ('00000000-0000-0000-0001-000000000001', 'system.projects.delete'),
    ('00000000-0000-0000-0001-000000000001', 'system.projects.archive'),
    ('00000000-0000-0000-0001-000000000001', 'system.password_policy.manage'),
    ('00000000-0000-0000-0001-000000000001', 'system.project_templates.manage')
ON CONFLICT DO NOTHING;

-- ======================== 3. Шаблоны проектов ========================

INSERT INTO templates (id, name, description, project_type) VALUES
    ('a0000000-0000-0000-0000-000000000001', 'Scrum стандартный', 'Стандартный шаблон для Scrum-проектов', 'scrum'),
    ('a0000000-0000-0000-0000-000000000002', 'Kanban стандартный', 'Стандартный шаблон для Kanban-проектов', 'kanban')
ON CONFLICT (id) DO NOTHING;

-- ======================== 4. Роль «Администратор проекта» в шаблонах ========================

-- Scrum
INSERT INTO roles (id, scope, template_id, name, description, is_admin, sort_order)
VALUES ('b0000000-0000-0000-0001-000000000001', 'template', 'a0000000-0000-0000-0000-000000000001',
        'Администратор проекта', 'Полный доступ ко всем сущностям проекта', true, 0)
ON CONFLICT (id) DO NOTHING;

INSERT INTO role_permissions (role_id, permission_code, access) VALUES
    ('b0000000-0000-0000-0001-000000000001', 'project.sprints', 'full'),
    ('b0000000-0000-0000-0001-000000000001', 'project.boards', 'full'),
    ('b0000000-0000-0000-0001-000000000001', 'project.analytics', 'full'),
    ('b0000000-0000-0000-0001-000000000001', 'project.backlog', 'full'),
    ('b0000000-0000-0000-0001-000000000001', 'project.tasks', 'full'),
    ('b0000000-0000-0000-0001-000000000001', 'project.project_settings', 'full')
ON CONFLICT DO NOTHING;

-- Kanban
INSERT INTO roles (id, scope, template_id, name, description, is_admin, sort_order)
VALUES ('b0000000-0000-0000-0001-000000000002', 'template', 'a0000000-0000-0000-0000-000000000002',
        'Администратор проекта', 'Полный доступ ко всем сущностям проекта', true, 0)
ON CONFLICT (id) DO NOTHING;

INSERT INTO role_permissions (role_id, permission_code, access) VALUES
    ('b0000000-0000-0000-0001-000000000002', 'project.boards', 'full'),
    ('b0000000-0000-0000-0001-000000000002', 'project.wip_limits', 'full'),
    ('b0000000-0000-0000-0001-000000000002', 'project.analytics', 'full'),
    ('b0000000-0000-0000-0001-000000000002', 'project.tasks', 'full'),
    ('b0000000-0000-0000-0001-000000000002', 'project.project_settings', 'full')
ON CONFLICT DO NOTHING;

-- ======================== 5. Доски шаблонов ========================

-- Scrum: Основная доска (swimlane_group_by пустой — нет группировки)
INSERT INTO boards (id, template_id, name, sort_order, is_default, priority_type, estimation_unit, swimlane_group_by)
VALUES ('c0000000-0000-0000-0001-000000000001', 'a0000000-0000-0000-0000-000000000001',
        'Основная доска', 1, true, 'priority', 'story_points', '')
ON CONFLICT (id) DO NOTHING;

-- Kanban: Основная доска (swimlane_group_by = ID поля "Приоритизация", установим позже после INSERT в fields)
INSERT INTO boards (id, template_id, name, sort_order, is_default, priority_type, estimation_unit, swimlane_group_by)
VALUES ('c0000000-0000-0000-0001-000000000002', 'a0000000-0000-0000-0000-000000000002',
        'Основная доска', 1, true, 'service_class', 'time', '')
ON CONFLICT (id) DO NOTHING;

-- ======================== 6. Колонки досок ========================

-- Scrum
INSERT INTO columns (id, board_id, name, system_type, sort_order, is_locked) VALUES
    ('d0000000-0000-0000-0001-000000000001', 'c0000000-0000-0000-0001-000000000001', 'Бэклог спринта', 'initial', 1, true),
    ('d0000000-0000-0000-0001-000000000002', 'c0000000-0000-0000-0001-000000000001', 'В работе', 'in_progress', 2, false),
    ('d0000000-0000-0000-0001-000000000003', 'c0000000-0000-0000-0001-000000000001', 'На проверке', 'in_progress', 3, false),
    ('d0000000-0000-0000-0001-000000000004', 'c0000000-0000-0000-0001-000000000001', 'Выполнено', 'completed', 4, false)
ON CONFLICT (id) DO NOTHING;

-- Kanban
INSERT INTO columns (id, board_id, name, system_type, sort_order, is_locked) VALUES
    ('d0000000-0000-0000-0002-000000000001', 'c0000000-0000-0000-0001-000000000002', 'Надо сделать', 'initial', 1, false),
    ('d0000000-0000-0000-0002-000000000002', 'c0000000-0000-0000-0001-000000000002', 'Готово к работе', 'initial', 2, false),
    ('d0000000-0000-0000-0002-000000000003', 'c0000000-0000-0000-0001-000000000002', 'В работе', 'in_progress', 3, false),
    ('d0000000-0000-0000-0002-000000000004', 'c0000000-0000-0000-0001-000000000002', 'На проверке', 'in_progress', 4, false),
    ('d0000000-0000-0000-0002-000000000005', 'c0000000-0000-0000-0001-000000000002', 'Выполнено', 'completed', 5, false)
ON CONFLICT (id) DO NOTHING;

-- ======================== 7. Системные параметры проектов (fields, kind='project_param') ========================

-- Scrum шаблон
INSERT INTO fields (id, kind, template_id, name, description, field_type, is_system, is_required, sort_order, options) VALUES
    ('10000000-0000-0000-0001-000000000001', 'project_param', 'a0000000-0000-0000-0000-000000000001',
     'Название', 'Название проекта', 'text', true, true, 1, NULL),
    ('10000000-0000-0000-0001-000000000002', 'project_param', 'a0000000-0000-0000-0000-000000000001',
     'Описание', 'Описание проекта', 'text', true, false, 2, NULL),
    ('10000000-0000-0000-0001-000000000003', 'project_param', 'a0000000-0000-0000-0000-000000000001',
     'Статус проекта', 'Текущий статус проекта', 'select', true, true, 3, '["Активный", "Архивирован", "Приостановлен"]'),
    ('10000000-0000-0000-0001-000000000004', 'project_param', 'a0000000-0000-0000-0000-000000000001',
     'Ответственный за проект', 'Основной ответственный за проект', 'user', true, true, 4, NULL),
    ('10000000-0000-0000-0001-000000000005', 'project_param', 'a0000000-0000-0000-0000-000000000001',
     'Дата создания', 'Дата создания проекта', 'datetime', true, true, 5, NULL)
ON CONFLICT (id) DO NOTHING;

-- Kanban шаблон
INSERT INTO fields (id, kind, template_id, name, description, field_type, is_system, is_required, sort_order, options) VALUES
    ('10000000-0000-0000-0002-000000000001', 'project_param', 'a0000000-0000-0000-0000-000000000002',
     'Название', 'Название проекта', 'text', true, true, 1, NULL),
    ('10000000-0000-0000-0002-000000000002', 'project_param', 'a0000000-0000-0000-0000-000000000002',
     'Описание', 'Описание проекта', 'text', true, false, 2, NULL),
    ('10000000-0000-0000-0002-000000000003', 'project_param', 'a0000000-0000-0000-0000-000000000002',
     'Статус проекта', 'Текущий статус проекта', 'select', true, true, 3, '["Активный", "Архивирован", "Приостановлен"]'),
    ('10000000-0000-0000-0002-000000000004', 'project_param', 'a0000000-0000-0000-0000-000000000002',
     'Ответственный за проект', 'Основной ответственный за проект', 'user', true, true, 4, NULL),
    ('10000000-0000-0000-0002-000000000005', 'project_param', 'a0000000-0000-0000-0000-000000000002',
     'Дата создания', 'Дата создания проекта', 'datetime', true, true, 5, NULL)
ON CONFLICT (id) DO NOTHING;

-- ======================== 8. Системные параметры задач (fields, kind='board_field') ========================

-- Scrum доска (11 полей, включая Спринт)
INSERT INTO fields (id, kind, board_id, name, description, field_type, is_system, is_required, sort_order, options) VALUES
    ('20000000-0000-0000-0001-000000000001', 'board_field', 'c0000000-0000-0000-0001-000000000001',
     'Название', 'Название задачи', 'text', true, true, 1, NULL),
    ('20000000-0000-0000-0001-000000000002', 'board_field', 'c0000000-0000-0000-0001-000000000001',
     'Описание', 'Подробное описание задачи', 'text', true, false, 2, NULL),
    ('20000000-0000-0000-0001-000000000003', 'board_field', 'c0000000-0000-0000-0001-000000000001',
     'Статус задачи', 'Текущий статус задачи', 'select', true, true, 3, '["Начальный", "В работе", "Завершено", "Отменено"]'),
    ('20000000-0000-0000-0001-000000000004', 'board_field', 'c0000000-0000-0000-0001-000000000001',
     'Автор', 'Создатель задачи', 'user', true, false, 4, NULL),
    ('20000000-0000-0000-0001-000000000005', 'board_field', 'c0000000-0000-0000-0001-000000000001',
     'Исполнитель', 'Ответственный за выполнение', 'user', true, false, 5, NULL),
    ('20000000-0000-0000-0001-000000000006', 'board_field', 'c0000000-0000-0000-0001-000000000001',
     'Наблюдатели', 'Пользователи, следящие за задачей', 'user_list', true, false, 6, NULL),
    ('20000000-0000-0000-0001-000000000007', 'board_field', 'c0000000-0000-0000-0001-000000000001',
     'Дедлайн', 'Крайний срок выполнения', 'datetime', true, false, 7, NULL),
    ('20000000-0000-0000-0001-000000000008', 'board_field', 'c0000000-0000-0000-0001-000000000001',
     'Приоритизация', 'Приоритет задачи', 'select', true, false, 8,
     '["Низкий", "Средний", "Высокий", "Критичный"]'),
    ('20000000-0000-0000-0001-000000000009', 'board_field', 'c0000000-0000-0000-0001-000000000001',
     'Оценка трудозатрат', 'Оценка объёма работы в Story Points', 'number', true, false, 9, NULL),
    ('20000000-0000-0000-0001-000000000010', 'board_field', 'c0000000-0000-0000-0001-000000000001',
     'Спринт', 'Спринт, к которому относится задача', 'sprint', true, false, 10, NULL),
    ('20000000-0000-0000-0001-000000000011', 'board_field', 'c0000000-0000-0000-0001-000000000001',
     'Дата создания', 'Дата и время создания задачи', 'datetime', true, false, 11, NULL)
ON CONFLICT (id) DO NOTHING;

-- Kanban доска (10 полей, без Спринта)
INSERT INTO fields (id, kind, board_id, name, description, field_type, is_system, is_required, sort_order, options) VALUES
    ('20000000-0000-0000-0002-000000000001', 'board_field', 'c0000000-0000-0000-0001-000000000002',
     'Название', 'Название задачи', 'text', true, true, 1, NULL),
    ('20000000-0000-0000-0002-000000000002', 'board_field', 'c0000000-0000-0000-0001-000000000002',
     'Описание', 'Подробное описание задачи', 'text', true, false, 2, NULL),
    ('20000000-0000-0000-0002-000000000003', 'board_field', 'c0000000-0000-0000-0001-000000000002',
     'Статус задачи', 'Текущий статус задачи', 'select', true, true, 3, '["Начальный", "В работе", "Завершено", "Отменено"]'),
    ('20000000-0000-0000-0002-000000000004', 'board_field', 'c0000000-0000-0000-0001-000000000002',
     'Автор', 'Создатель задачи', 'user', true, false, 4, NULL),
    ('20000000-0000-0000-0002-000000000005', 'board_field', 'c0000000-0000-0000-0001-000000000002',
     'Исполнитель', 'Ответственный за выполнение', 'user', true, false, 5, NULL),
    ('20000000-0000-0000-0002-000000000006', 'board_field', 'c0000000-0000-0000-0001-000000000002',
     'Наблюдатели', 'Пользователи, следящие за задачей', 'user_list', true, false, 6, NULL),
    ('20000000-0000-0000-0002-000000000007', 'board_field', 'c0000000-0000-0000-0001-000000000002',
     'Дедлайн', 'Крайний срок выполнения', 'datetime', true, false, 7, NULL),
    ('20000000-0000-0000-0002-000000000008', 'board_field', 'c0000000-0000-0000-0001-000000000002',
     'Приоритизация', 'Класс обслуживания задачи', 'select', true, false, 8,
     '["Ускоренный", "С фиксированной датой", "Стандартный", "Нематериальный"]'),
    ('20000000-0000-0000-0002-000000000009', 'board_field', 'c0000000-0000-0000-0001-000000000002',
     'Оценка трудозатрат', 'Оценка объёма работы в формате времени', 'number', true, false, 9, NULL),
    ('20000000-0000-0000-0002-000000000010', 'board_field', 'c0000000-0000-0000-0001-000000000002',
     'Дата создания', 'Дата и время создания задачи', 'datetime', true, false, 10, NULL)
ON CONFLICT (id) DO NOTHING;

-- ======================== 9. Настроить swimlane_group_by для Kanban ========================
-- Ссылается на ID поля "Приоритизация" Kanban-доски

UPDATE boards
SET swimlane_group_by = '20000000-0000-0000-0002-000000000008'
WHERE id = 'c0000000-0000-0000-0001-000000000002';

-- ======================== 10. Дорожки Kanban (по значениям Приоритизации = Класс обслуживания) ========================

INSERT INTO swimlanes (id, board_id, name, sort_order) VALUES
    ('e0000000-0000-0000-0001-000000000001', 'c0000000-0000-0000-0001-000000000002', 'Ускоренный', 1),
    ('e0000000-0000-0000-0001-000000000002', 'c0000000-0000-0000-0001-000000000002', 'С фиксированной датой', 2),
    ('e0000000-0000-0000-0001-000000000003', 'c0000000-0000-0000-0001-000000000002', 'Стандартный', 3),
    ('e0000000-0000-0000-0001-000000000004', 'c0000000-0000-0000-0001-000000000002', 'Нематериальный', 4)
ON CONFLICT (id) DO NOTHING;
